Season,Round,EventName,Circuit,SessionType,EventDate,DriverNumber,Abbreviation,DriverId,TeamName,TeamId,FirstName,LastName,HeadshotUrl,Position,ClassifiedPosition,GridPosition,Q1,Q2,Q3,Time,Status,Points,Laps,AirTemp_mean,TrackTemp_mean,Humidity_mean,WindSpeed_mean,Rainfall
2026,1,Australian Grand Prix,Melbourne,Q,2026-03-08,63,RUS,russell,Mercedes,mercedes,George,Russell,https://media.formula1.com/d_driver_fallback_image.png/content/dam/fom-website/drivers/G/GEORUS01_George_Russell/georus01.png.transform/1col/image.png,1.0,,,0 days 00:01:19.507000,0 days 00:01:18.934000,0 days 00:01:18.518000,,,,,20.5,34.3,63.7,2.4,False
2026,1,Australian Grand Prix,Melbourne,Q,2026-03-08,12,ANT,antonelli,Mercedes,mercedes,Kimi,Antonelli,https://media.formula1.com/d_driver_fallback_image.png/content/dam/fom-website/drivers/K/ANDANT01_Kimi_Antonelli/andant01.png.transform/1col/image.png,2.0,,,0 days 00:01:20.120000,0 days 00:01:19.435000,0 days 00:01:18.811000,,,,,20.5,34.3,63.7,2.4,False
2026,1,Australian Grand Prix,Melbourne,Q,2026-03-08,6,HAD,hadjar,Red Bull Racing,red_bull,Isack,Hadjar,https://media.formula1.com/d_driver_fallback_image.png/content/dam/fom-website/drivers/I/ISAHAD01_Isack_Hadjar/isahad01.png.transform/1col/image.png,3.0,,,0 days 00:01:20.023000,0 days 00:01:19.653000,0 days 00:01:19.303000,,,,,20.5,34.3,63.7,2.4,False
2026,1,Australian Grand Prix,Melbourne,Q,2026-03-08,16,LEC,leclerc,Ferrari,ferrari,Charles,Leclerc,https://media.formula1.com/d_driver_fallback_image.png/content/dam/fom-website/drivers/C/CHALEC01_Charles_Leclerc/chalec01.png.transform/1col/image.png,4.0,,,0 days 00:01:20.226000,0 days 00:01:19.357000,0 days 00:01:19.327000,,,,,20.5,34.3,63.7,2.4,False
2026,1,Australian Grand Prix,Melbourne,Q,2026-03-08,81,PIA,piastri,McLaren,mclaren,Oscar,Piastri,https://media.formula1.com/d_driver_fallback_image.png/content/dam/fom-website/drivers/O/OSCPIA01_Oscar_Piastri/oscpia01.png.transform/1col/image.png,5.0,,,0 days 00:01:19.664000,0 days 00:01:19.525000,0 days 00:01:19.380000,,,,,20.5,34.3,63.7,2.4,False
2026,1,Australian Grand Prix,Melbourne,Q,2026-03-08,1,NOR,norris,McLaren,mclaren,Lando,Norris,https://media.formula1.com/d_driver_fallback_image.png/content/dam/fom-website/drivers/L/LANNOR01_Lando_Norris/lannor01.png.transform/1col/image.png,6.0,,,0 days 00:01:20.010000,0 days 00:01:19.882000,0 days 00:01:19.475000,,,,,20.5,34.3,63.7,2.4,False
2026,1,Australian Grand Prix,Melbourne,Q,2026-03-08,44,HAM,hamilton,Ferrari,ferrari,Lewis,Hamilton,https://media.formula1.com/d_driver_fallback_image.png/content/dam/fom-website/drivers/L/LEWHAM01_Lewis_Hamilton/lewham01.png.transform/1col/image.png,7.0,,,0 days 00:01:19.811000,0 days 00:01:19.921000,0 days 00:01:19.478000,,,,,20.5,34.3,63.7,2.4,False
2026,1,Australian Grand Prix,Melbourne,Q,2026-03-08,30,LAW,lawson,Racing Bulls,rb,Liam,Lawson,https://media.formula1.com/d_driver_fallback_image.png/content/dam/fom-website/drivers/L/LIALAW01_Liam_Lawson/lialaw01.png.transform/1col/image.png,8.0,,,0 days 00:01:20.491000,0 days 00:01:20.144000,0 days 00:01:19.994000,,,,,20.5,34.3,63.7,2.4,False
2026,1,Australian Grand Prix,Melbourne,Q,2026-03-08,41,LIN,arvid_lindblad,Racing Bulls,rb,Arvid,Lindblad,https://media.formula1.com/d_driver_fallback_image.png/content/dam/fom-website/drivers/A/ARVLIN01_Arvid_Lindblad/arvlin01.png.transform/1col/image.png,9.0,,,0 days 00:01:20.409000,0 days 00:01:19.971000,0 days 00:01:21.247000,,,,,20.5,34.3,63.7,2.4,False
2026,1,Australian Grand Prix,Melbourne,Q,2026-03-08,5,BOR,bortoleto,Audi,audi,Gabriel,Bortoleto,https://media.formula1.com/d_driver_fallback_image.png/content/dam/fom-website/drivers/G/GABBOR01_Gabriel_Bortoleto/gabbor01.png.transform/1col/image.png,10.0,,,0 days 00:01:20.495000,0 days 00:01:20.221000,,,,,,20.5,34.3,63.7,2.4,False
2026,1,Australian Grand Prix,Melbourne,Q,2026-03-08,27,HUL,hulkenberg,Audi,audi,Nico,Hulkenberg,https://media.formula1.com/d_driver_fallback_image.png/content/dam/fom-website/drivers/N/NICHUL01_Nico_Hulkenberg/nichul01.png.transform/1col/image.png,11.0,,,0 days 00:01:21.024000,0 days 00:01:20.303000,,,,,,20.5,34.3,63.7,2.4,False
2026,1,Australian Grand Prix,Melbourne,Q,2026-03-08,87,BEA,bearman,Haas F1 Team,haas,Oliver,Bearman,https://media.formula1.com/d_driver_fallback_image.png/content/dam/fom-website/drivers/O/OLIBEA01_Oliver_Bearman/olibea01.png.transform/1col/image.png,12.0,,,0 days 00:01:21.247000,0 days 00:01:20.311000,,,,,,20.5,34.3,63.7,2.4,False
2026,1,Australian Grand Prix,Melbourne,Q,2026-03-08,31,OCO,ocon,Haas F1 Team,haas,Esteban,Ocon,https://media.formula1.com/d_driver_fallback_image.png/content/dam/fom-website/drivers/E/ESTOCO01_Esteban_Ocon/estoco01.png.transform/1col/image.png,13.0,,,0 days 00:01:20.759000,0 days 00:01:20.491000,,,,,,20.5,34.3,63.7,2.4,False
2026,1,Australian Grand Prix,Melbourne,Q,2026-03-08,10,GAS,gasly,Alpine,alpine,Pierre,Gasly,https://media.formula1.com/d_driver_fallback_image.png/content/dam/fom-website/drivers/P/PIEGAS01_Pierre_Gasly/piegas01.png.transform/1col/image.png,14.0,,,0 days 00:01:21.138000,0 days 00:01:20.501000,,,,,,20.5,34.3,63.7,2.4,False
2026,1,Australian Grand Prix,Melbourne,Q,2026-03-08,23,ALB,albon,Williams,williams,Alexander,Albon,https://media.formula1.com/d_driver_fallback_image.png/content/dam/fom-website/drivers/A/ALEALB01_Alexander_Albon/alealb01.png.transform/1col/image.png,15.0,,,0 days 00:01:21.051000,0 days 00:01:20.941000,,,,,,20.5,34.3,63.7,2.4,False
2026,1,Australian Grand Prix,Melbourne,Q,2026-03-08,43,COL,colapinto,Alpine,alpine,Franco,Colapinto,https://media.formula1.com/d_driver_fallback_image.png/content/dam/fom-website/drivers/F/FRACOL01_Franco_Colapinto/fracol01.png.transform/1col/image.png,16.0,,,0 days 00:01:21.200000,0 days 00:01:21.270000,,,,,,20.5,34.3,63.7,2.4,False
2026,1,Australian Grand Prix,Melbourne,Q,2026-03-08,14,ALO,alonso,Aston Martin,aston_martin,Fernando,Alonso,https://media.formula1.com/d_driver_fallback_image.png/content/dam/fom-website/drivers/F/FERALO01_Fernando_Alonso/feralo01.png.transform/1col/image.png,17.0,,,0 days 00:01:21.969000,,,,,,,20.5,34.3,63.7,2.4,False
2026,1,Australian Grand Prix,Melbourne,Q,2026-03-08,11,PER,perez,Cadillac,cadillac,Sergio,Perez,https://media.formula1.com/d_driver_fallback_image.png/content/dam/fom-website/drivers/S/SERPER01_Sergio_Perez/serper01.png.transform/1col/image.png,18.0,,,0 days 00:01:22.605000,,,,,,,20.5,34.3,63.7,2.4,False
2026,1,Australian Grand Prix,Melbourne,Q,2026-03-08,77,BOT,bottas,Cadillac,cadillac,Valtteri,Bottas,https://media.formula1.com/d_driver_fallback_image.png/content/dam/fom-website/drivers/V/VALBOT01_Valtteri_Bottas/valbot01.png.transform/1col/image.png,19.0,,,0 days 00:01:23.244000,,,,,,,20.5,34.3,63.7,2.4,False
2026,1,Australian Grand Prix,Melbourne,Q,2026-03-08,18,STR,nan,Aston Martin,nan,Lance,Stroll,https://media.formula1.com/d_driver_fallback_image.png/content/dam/fom-website/drivers/L/LANSTR01_Lance_Stroll/lanstr01.png.transform/1col/image.png,,,,,,,,,,,20.5,34.3,63.7,2.4,False
2026,1,Australian Grand Prix,Melbourne,Q,2026-03-08,3,VER,nan,Red Bull Racing,nan,Max,Verstappen,https://media.formula1.com/d_driver_fallback_image.png/content/dam/fom-website/drivers/M/MAXVER01_Max_Verstappen/maxver01.png.transform/1col/image.png,,,,,,,,,,,20.5,34.3,63.7,2.4,False
2026,1,Australian Grand Prix,Melbourne,Q,2026-03-08,55,SAI,nan,Williams,nan,Carlos,Sainz,https://media.formula1.com/d_driver_fallback_image.png/content/dam/fom-website/drivers/C/CARSAI01_Carlos_Sainz/carsai01.png.transform/1col/image.png,,,,,,,,,,,20.5,34.3,63.7,2.4,False
2026,2,Chinese Grand Prix,Shanghai,Q,2026-03-15,12,ANT,antonelli,Mercedes,mercedes,Kimi,Antonelli,https://media.formula1.com/d_driver_fallback_image.png/content/dam/fom-website/drivers/K/ANDANT01_Kimi_Antonelli/andant01.png.transform/1col/image.png,1.0,,,0 days 00:01:33.305000,0 days 00:01:32.443000,0 days 00:01:32.064000,,,,,17.8,31.0,34.4,2.7,False
2026,2,Chinese Grand Prix,Shanghai,Q,2026-03-15,63,RUS,russell,Mercedes,mercedes,George,Russell,https://media.formula1.com/d_driver_fallback_image.png/content/dam/fom-website/drivers/G/GEORUS01_George_Russell/georus01.png.transform/1col/image.png,2.0,,,0 days 00:01:33.262000,0 days 00:01:32.523000,0 days 00:01:32.286000,,,,,17.8,31.0,34.4,2.7,False
2026,2,Chinese Grand Prix,Shanghai,Q,2026-03-15,44,HAM,hamilton,Ferrari,ferrari,Lewis,Hamilton,https://media.formula1.com/d_driver_fallback_image.png/content/dam/fom-website/drivers/L/LEWHAM01_Lewis_Hamilton/lewham01.png.transform/1col/image.png,3.0,,,0 days 00:01:33.522000,0 days 00:01:32.567000,0 days 00:01:32.415000,,,,,17.8,31.0,34.4,2.7,False
2026,2,Chinese Grand Prix,Shanghai,Q,2026-03-15,16,LEC,leclerc,Ferrari,ferrari,Charles,Leclerc,https://media.formula1.com/d_driver_fallback_image.png/content/dam/fom-website/drivers/C/CHALEC01_Charles_Leclerc/chalec01.png.transform/1col/image.png,4.0,,,0 days 00:01:33.175000,0 days 00:01:32.486000,0 days 00:01:32.428000,,,,,17.8,31.0,34.4,2.7,False
2026,2,Chinese Grand Prix,Shanghai,Q,2026-03-15,81,PIA,piastri,McLaren,mclaren,Oscar,Piastri,https://media.formula1.com/d_driver_fallback_image.png/content/dam/fom-website/drivers/O/OSCPIA01_Oscar_Piastri/oscpia01.png.transform/1col/image.png,5.0,,,0 days 00:01:33.590000,0 days 00:01:33.130000,0 days 00:01:32.550000,,,,,17.8,31.0,34.4,2.7,False
2026,2,Chinese Grand Prix,Shanghai,Q,2026-03-15,1,NOR,norris,McLaren,mclaren,Lando,Norris,https://media.formula1.com/d_driver_fallback_image.png/content/dam/fom-website/drivers/L/LANNOR01_Lando_Norris/lannor01.png.transform/1col/image.png,6.0,,,0 days 00:01:33.535000,0 days 00:01:32.910000,0 days 00:01:32.608000,,,,,17.8,31.0,34.4,2.7,False
2026,2,Chinese Grand Prix,Shanghai,Q,2026-03-15,10,GAS,gasly,Alpine,alpine,Pierre,Gasly,https://media.formula1.com/d_driver_fallback_image.png/content/dam/fom-website/drivers/P/PIEGAS01_Pierre_Gasly/piegas01.png.transform/1col/image.png,7.0,,,0 days 00:01:33.788000,0 days 00:01:33.003000,0 days 00:01:32.873000,,,,,17.8,31.0,34.4,2.7,False
2026,2,Chinese Grand Prix,Shanghai,Q,2026-03-15,3,VER,max_verstappen,Red Bull Racing,red_bull,Max,Verstappen,https://media.formula1.com/d_driver_fallback_image.png/content/dam/fom-website/drivers/M/MAXVER01_Max_Verstappen/maxver01.png.transform/1col/image.png,8.0,,,0 days 00:01:33.417000,0 days 00:01:33.098000,0 days 00:01:33.002000,,,,,17.8,31.0,34.4,2.7,False
2026,2,Chinese Grand Prix,Shanghai,Q,2026-03-15,6,HAD,hadjar,Red Bull Racing,red_bull,Isack,Hadjar,https://media.formula1.com/d_driver_fallback_image.png/content/dam/fom-website/drivers/I/ISAHAD01_Isack_Hadjar/isahad01.png.transform/1col/image.png,9.0,,,0 days 00:01:33.632000,0 days 00:01:33.352000,0 days 00:01:33.121000,,,,,17.8,31.0,34.4,2.7,False
2026,2,Chinese Grand Prix,Shanghai,Q,2026-03-15,87,BEA,bearman,Haas F1 Team,haas,Oliver,Bearman,https://media.formula1.com/d_driver_fallback_image.png/content/dam/fom-website/drivers/O/OLIBEA01_Oliver_Bearman/olibea01.png.transform/1col/image.png,10.0,,,0 days 00:01:33.687000,0 days 00:01:33.197000,0 days 00:01:33.292000,,,,,17.8,31.0,34.4,2.7,False
2026,2,Chinese Grand Prix,Shanghai,Q,2026-03-15,27,HUL,hulkenberg,Audi,audi,Nico,Hulkenberg,https://media.formula1.com/d_driver_fallback_image.png/content/dam/fom-website/drivers/N/NICHUL01_Nico_Hulkenberg/nichul01.png.transform/1col/image.png,11.0,,,0 days 00:01:34.116000,0 days 00:01:33.354000,,,,,,17.8,31.0,34.4,2.7,False
2026,2,Chinese Grand Prix,Shanghai,Q,2026-03-15,43,COL,colapinto,Alpine,alpine,Franco,Colapinto,https://media.formula1.com/d_driver_fallback_image.png/content/dam/fom-website/drivers/F/FRACOL01_Franco_Colapinto/fracol01.png.transform/1col/image.png,12.0,,,0 days 00:01:33.634000,0 days 00:01:33.357000,,,,,,17.8,31.0,34.4,2.7,False
2026,2,Chinese Grand Prix,Shanghai,Q,2026-03-15,31,OCO,ocon,Haas F1 Team,haas,Esteban,Ocon,https://media.formula1.com/d_driver_fallback_image.png/content/dam/fom-website/drivers/E/ESTOCO01_Esteban_Ocon/estoco01.png.transform/1col/image.png,13.0,,,0 days 00:01:33.974000,0 days 00:01:33.538000,,,,,,17.8,31.0,34.4,2.7,False
2026,2,Chinese Grand Prix,Shanghai,Q,2026-03-15,30,LAW,lawson,Racing Bulls,rb,Liam,Lawson,https://media.formula1.com/d_driver_fallback_image.png/content/dam/fom-website/drivers/L/LIALAW01_Liam_Lawson/lialaw01.png.transform/1col/image.png,14.0,,,0 days 00:01:34.139000,0 days 00:01:33.765000,,,,,,17.8,31.0,34.4,2.7,False
2026,2,Chinese Grand Prix,Shanghai,Q,2026-03-15,41,LIN,arvid_lindblad,Racing Bulls,rb,Arvid,Lindblad,https://media.formula1.com/d_driver_fallback_image.png/content/dam/fom-website/drivers/A/ARVLIN01_Arvid_Lindblad/arvlin01.png.transform/1col/image.png,15.0,,,0 days 00:01:33.906000,0 days 00:01:33.784000,,,,,,17.8,31.0,34.4,2.7,False
2026,2,Chinese Grand Prix,Shanghai,Q,2026-03-15,5,BOR,bortoleto,Audi,audi,Gabriel,Bortoleto,https://media.formula1.com/d_driver_fallback_image.png/content/dam/fom-website/drivers/G/GABBOR01_Gabriel_Bortoleto/gabbor01.png.transform/1col/image.png,16.0,,,0 days 00:01:33.549000,0 days 00:01:33.965000,,,,,,17.8,31.0,34.4,2.7,False
2026,2,Chinese Grand Prix,Shanghai,Q,2026-03-15,55,SAI,sainz,Williams,williams,Carlos,Sainz,https://media.formula1.com/d_driver_fallback_image.png/content/dam/fom-website/drivers/C/CARSAI01_Carlos_Sainz/carsai01.png.transform/1col/image.png,17.0,,,0 days 00:01:34.317000,,,,,,,17.8,31.0,34.4,2.7,False
2026,2,Chinese Grand Prix,Shanghai,Q,2026-03-15,23,ALB,albon,Williams,williams,Alexander,Albon,https://media.formula1.com/d_driver_fallback_image.png/content/dam/fom-website/drivers/A/ALEALB01_Alexander_Albon/alealb01.png.transform/1col/image.png,18.0,,,0 days 00:01:34.772000,,,,,,,17.8,31.0,34.4,2.7,False
2026,2,Chinese Grand Prix,Shanghai,Q,2026-03-15,14,ALO,alonso,Aston Martin,aston_martin,Fernando,Alonso,https://media.formula1.com/d_driver_fallback_image.png/content/dam/fom-website/drivers/F/FERALO01_Fernando_Alonso/feralo01.png.transform/1col/image.png,19.0,,,0 days 00:01:35.203000,,,,,,,17.8,31.0,34.4,2.7,False
2026,2,Chinese Grand Prix,Shanghai,Q,2026-03-15,77,BOT,bottas,Cadillac,cadillac,Valtteri,Bottas,https://media.formula1.com/d_driver_fallback_image.png/content/dam/fom-website/drivers/V/VALBOT01_Valtteri_Bottas/valbot01.png.transform/1col/image.png,20.0,,,0 days 00:01:35.436000,,,,,,,17.8,31.0,34.4,2.7,False
2026,2,Chinese Grand Prix,Shanghai,Q,2026-03-15,18,STR,stroll,Aston Martin,aston_martin,Lance,Stroll,https://media.formula1.com/d_driver_fallback_image.png/content/dam/fom-website/drivers/L/LANSTR01_Lance_Stroll/lanstr01.png.transform/1col/image.png,21.0,,,0 days 00:01:35.995000,,,,,,,17.8,31.0,34.4,2.7,False
2026,2,Chinese Grand Prix,Shanghai,Q,2026-03-15,11,PER,perez,Cadillac,cadillac,Sergio,Perez,https://media.formula1.com/d_driver_fallback_image.png/content/dam/fom-website/drivers/S/SERPER01_Sergio_Perez/serper01.png.transform/1col/image.png,22.0,,,0 days 00:01:36.906000,,,,,,,17.8,31.0,34.4,2.7,False
2026,3,Japanese Grand Prix,Suzuka,Q,2026-03-29,12,ANT,antonelli,Mercedes,mercedes,Kimi,Antonelli,https://media.formula1.com/d_driver_fallback_image.png/content/dam/fom-website/drivers/K/ANDANT01_Kimi_Antonelli/andant01.png.transform/1col/image.png,1.0,,,0 days 00:01:30.035000,0 days 00:01:29.048000,0 days 00:01:28.778000,,,,,16.5,29.7,51.6,1.7,False
2026,3,Japanese Grand Prix,Suzuka,Q,2026-03-29,63,RUS,russell,Mercedes,mercedes,George,Russell,https://media.formula1.com/d_driver_fallback_image.png/content/dam/fom-website/drivers/G/GEORUS01_George_Russell/georus01.png.transform/1col/image.png,2.0,,,0 days 00:01:29.967000,0 days 00:01:29.686000,0 days 00:01:29.076000,,,,,16.5,29.7,51.6,1.7,False
2026,3,Japanese Grand Prix,Suzuka,Q,2026-03-29,81,PIA,piastri,McLaren,mclaren,Oscar,Piastri,https://media.formula1.com/d_driver_fallback_image.png/content/dam/fom-website/drivers/O/OSCPIA01_Oscar_Piastri/oscpia01.png.transform/1col/image.png,3.0,,,0 days 00:01:30.200000,0 days 00:01:29.451000,0 days 00:01:29.132000,,,,,16.5,29.7,51.6,1.7,False
2026,3,Japanese Grand Prix,Suzuka,Q,2026-03-29,16,LEC,leclerc,Ferrari,ferrari,Charles,Leclerc,https://media.formula1.com/d_driver_fallback_image.png/content/dam/fom-website/drivers/C/CHALEC01_Charles_Leclerc/chalec01.png.transform/1col/image.png,4.0,,,0 days 00:01:29.915000,0 days 00:01:29.303000,0 days 00:01:29.405000,,,,,16.5,29.7,51.6,1.7,False
2026,3,Japanese Grand Prix,Suzuka,Q,2026-03-29,1,NOR,norris,McLaren,mclaren,Lando,Norris,https://media.formula1.com/d_driver_fallback_image.png/content/dam/fom-website/drivers/L/LANNOR01_Lando_Norris/lannor01.png.transform/1col/image.png,5.0,,,0 days 00:01:30.401000,0 days 00:01:29.795000,0 days 00:01:29.409000,,,,,16.5,29.7,51.6,1.7,False
2026,3,Japanese Grand Prix,Suzuka,Q,2026-03-29,44,HAM,hamilton,Ferrari,ferrari,Lewis,Hamilton,https://media.formula1.com/d_driver_fallback_image.png/content/dam/fom-website/drivers/L/LEWHAM01_Lewis_Hamilton/lewham01.png.transform/1col/image.png,6.0,,,0 days 00:01:30.309000,0 days 00:01:29.589000,0 days 00:01:29.567000,,,,,16.5,29.7,51.6,1.7,False
2026,3,Japanese Grand Prix,Suzuka,Q,2026-03-29,10,GAS,gasly,Alpine,alpine,Pierre,Gasly,https://media.formula1.com/d_driver_fallback_image.png/content/dam/fom-website/drivers/P/PIEGAS01_Pierre_Gasly/piegas01.png.transform/1col/image.png,7.0,,,0 days 00:01:30.584000,0 days 00:01:29.874000,0 days 00:01:29.691000,,,,,16.5,29.7,51.6,1.7,False
2026,3,Japanese Grand Prix,Suzuka,Q,2026-03-29,6,HAD,hadjar,Red Bull Racing,red_bull,Isack,Hadjar,https://media.formula1.com/d_driver_fallback_image.png/content/dam/fom-website/drivers/I/ISAHAD01_Isack_Hadjar/isahad01.png.transform/1col/image.png,8.0,,,0 days 00:01:30.662000,0 days 00:01:30.104000,0 days 00:01:29.978000,,,,,16.5,29.7,51.6,1.7,False
2026,3,Japanese Grand Prix,Suzuka,Q,2026-03-29,5,BOR,bortoleto,Audi,audi,Gabriel,Bortoleto,https://media.formula1.com/d_driver_fallback_image.png/content/dam/fom-website/drivers/G/GABBOR01_Gabriel_Bortoleto/gabbor01.png.transform/1col/image.png,9.0,,,0 days 00:01:30.359000,0 days 00:01:29.990000,0 days 00:01:30.274000,,,,,16.5,29.7,51.6,1.7,False
2026,3,Japanese Grand Prix,Suzuka,Q,2026-03-29,41,LIN,arvid_lindblad,Racing Bulls,rb,Arvid,Lindblad,https://media.formula1.com/d_driver_fallback_image.png/content/dam/fom-website/drivers/A/ARVLIN01_Arvid_Lindblad/arvlin01.png.transform/1col/image.png,10.0,,,0 days 00:01:30.781000,0 days 00:01:30.109000,0 days 00:01:30.319000,,,,,16.5,29.7,51.6,1.7,False
2026,3,Japanese Grand Prix,Suzuka,Q,2026-03-29,3,VER,max_verstappen,Red Bull Racing,red_bull,Max,Verstappen,https://media.formula1.com/d_driver_fallback_image.png/content/dam/fom-website/drivers/M/MAXVER01_Max_Verstappen/maxver01.png.transform/1col/image.png,11.0,,,0 days 00:01:30.519000,0 days 00:01:30.262000,,,,,,16.5,29.7,51.6,1.7,False
2026,3,Japanese Grand Prix,Suzuka,Q,2026-03-29,31,OCO,ocon,Haas F1 Team,haas,Esteban,Ocon,https://media.formula1.com/d_driver_fallback_image.png/content/dam/fom-website/drivers/E/ESTOCO01_Esteban_Ocon/estoco01.png.transform/1col/image.png,12.0,,,0 days 00:01:30.915000,0 days 00:01:30.309000,,,,,,16.5,29.7,51.6,1.7,False
2026,3,Japanese Grand Prix,Suzuka,Q,2026-03-29,27,HUL,hulkenberg,Audi,audi,Nico,Hulkenberg,https://media.formula1.com/d_driver_fallback_image.png/content/dam/fom-website/drivers/N/NICHUL01_Nico_Hulkenberg/nichul01.png.transform/1col/image.png,13.0,,,0 days 00:01:30.358000,0 days 00:01:30.387000,,,,,,16.5,29.7,51.6,1.7,False
2026,3,Japanese Grand Prix,Suzuka,Q,2026-03-29,30,LAW,lawson,Racing Bulls,rb,Liam,Lawson,https://media.formula1.com/d_driver_fallback_image.png/content/dam/fom-website/drivers/L/LIALAW01_Liam_Lawson/lialaw01.png.transform/1col/image.png,14.0,,,0 days 00:01:30.657000,0 days 00:01:30.495000,,,,,,16.5,29.7,51.6,1.7,False
2026,3,Japanese Grand Prix,Suzuka,Q,2026-03-29,43,COL,colapinto,Alpine,alpine,Franco,Colapinto,https://media.formula1.com/d_driver_fallback_image.png/content/dam/fom-website/drivers/F/FRACOL01_Franco_Colapinto/fracol01.png.transform/1col/image.png,15.0,,,0 days 00:01:30.931000,0 days 00:01:30.627000,,,,,,16.5,29.7,51.6,1.7,False
2026,3,Japanese Grand Prix,Suzuka,Q,2026-03-29,55,SAI,sainz,Williams,williams,Carlos,Sainz,https://media.formula1.com/d_driver_fallback_image.png/content/dam/fom-website/drivers/C/CARSAI01_Carlos_Sainz/carsai01.png.transform/1col/image.png,16.0,,,0 days 00:01:30.927000,0 days 00:01:31.033000,,,,,,16.5,29.7,51.6,1.7,False
2026,3,Japanese Grand Prix,Suzuka,Q,2026-03-29,23,ALB,albon,Williams,williams,Alexander,Albon,https://media.formula1.com/d_driver_fallback_image.png/content/dam/fom-website/drivers/A/ALEALB01_Alexander_Albon/alealb01.png.transform/1col/image.png,17.0,,,0 days 00:01:31.088000,,,,,,,16.5,29.7,51.6,1.7,False
2026,3,Japanese Grand Prix,Suzuka,Q,2026-03-29,87,BEA,bearman,Haas F1 Team,haas,Oliver,Bearman,https://media.formula1.com/d_driver_fallback_image.png/content/dam/fom-website/drivers/O/OLIBEA01_Oliver_Bearman/olibea01.png.transform/1col/image.png,18.0,,,0 days 00:01:31.090000,,,,,,,16.5,29.7,51.6,1.7,False
2026,3,Japanese Grand Prix,Suzuka,Q,2026-03-29,11,PER,perez,Cadillac,cadillac,Sergio,Perez,https://media.formula1.com/d_driver_fallback_image.png/content/dam/fom-website/drivers/S/SERPER01_Sergio_Perez/serper01.png.transform/1col/image.png,19.0,,,0 days 00:01:32.206000,,,,,,,16.5,29.7,51.6,1.7,False
2026,3,Japanese Grand Prix,Suzuka,Q,2026-03-29,77,BOT,bottas,Cadillac,cadillac,Valtteri,Bottas,https://media.formula1.com/d_driver_fallback_image.png/content/dam/fom-website/drivers/V/VALBOT01_Valtteri_Bottas/valbot01.png.transform/1col/image.png,20.0,,,0 days 00:01:32.330000,,,,,,,16.5,29.7,51.6,1.7,False
2026,3,Japanese Grand Prix,Suzuka,Q,2026-03-29,14,ALO,alonso,Aston Martin,aston_martin,Fernando,Alonso,https://media.formula1.com/d_driver_fallback_image.png/content/dam/fom-website/drivers/F/FERALO01_Fernando_Alonso/feralo01.png.transform/1col/image.png,21.0,,,0 days 00:01:32.646000,,,,,,,16.5,29.7,51.6,1.7,False
2026,3,Japanese Grand Prix,Suzuka,Q,2026-03-29,18,STR,stroll,Aston Martin,aston_martin,Lance,Stroll,https://media.formula1.com/d_driver_fallback_image.png/content/dam/fom-website/drivers/L/LANSTR01_Lance_Stroll/lanstr01.png.transform/1col/image.png,22.0,,,0 days 00:01:32.920000,,,,,,,16.5,29.7,51.6,1.7,False
2026,4,Miami Grand Prix,Miami Gardens,Q,2026-05-03,12,ANT,antonelli,Mercedes,mercedes,Kimi,Antonelli,https://media.formula1.com/d_driver_fallback_image.png/content/dam/fom-website/drivers/K/ANDANT01_Kimi_Antonelli/andant01.png.transform/1col/image.png,1.0,,,0 days 00:01:28.653000,0 days 00:01:28.289000,0 days 00:01:27.798000,,,,,33.9,51.9,30.3,3.8,False
2026,4,Miami Grand Prix,Miami Gardens,Q,2026-05-03,3,VER,max_verstappen,Red Bull Racing,red_bull,Max,Verstappen,https://media.formula1.com/d_driver_fallback_image.png/content/dam/fom-website/drivers/M/MAXVER01_Max_Verstappen/maxver01.png.transform/1col/image.png,2.0,,,0 days 00:01:29.099000,0 days 00:01:28.116000,0 days 00:01:27.964000,,,,,33.9,51.9,30.3,3.8,False
2026,4,Miami Grand Prix,Miami Gardens,Q,2026-05-03,16,LEC,leclerc,Ferrari,ferrari,Charles,Leclerc,https://media.formula1.com/d_driver_fallback_image.png/content/dam/fom-website/drivers/C/CHALEC01_Charles_Leclerc/chalec01.png.transform/1col/image.png,3.0,,,0 days 00:01:28.938000,0 days 00:01:28.315000,0 days 00:01:28.143000,,,,,33.9,51.9,30.3,3.8,False
2026,4,Miami Grand Prix,Miami Gardens,Q,2026-05-03,1,NOR,norris,McLaren,mclaren,Lando,Norris,https://media.formula1.com/d_driver_fallback_image.png/content/dam/fom-website/drivers/L/LANNOR01_Lando_Norris/lannor01.png.transform/1col/image.png,4.0,,,0 days 00:01:29.183000,0 days 00:01:28.920000,0 days 00:01:28.183000,,,,,33.9,51.9,30.3,3.8,False
2026,4,Miami Grand Prix,Miami Gardens,Q,2026-05-03,63,RUS,russell,Mercedes,mercedes,George,Russell,https://media.formula1.com/d_driver_fallback_image.png/content/dam/fom-website/drivers/G/GEORUS01_George_Russell/georus01.png.transform/1col/image.png,5.0,,,0 days 00:01:29.492000,0 days 00:01:28.477000,0 days 00:01:28.197000,,,,,33.9,51.9,30.3,3.8,False
2026,4,Miami Grand Prix,Miami Gardens,Q,2026-05-03,44,HAM,hamilton,Ferrari,ferrari,Lewis,Hamilton,https://media.formula1.com/d_driver_fallback_image.png/content/dam/fom-website/drivers/L/LEWHAM01_Lewis_Hamilton/lewham01.png.transform/1col/image.png,6.0,,,0 days 00:01:29.483000,0 days 00:01:28.477000,0 days 00:01:28.319000,,,,,33.9,51.9,30.3,3.8,False
2026,4,Miami Grand Prix,Miami Gardens,Q,2026-05-03,81,PIA,piastri,McLaren,mclaren,Oscar,Piastri,https://media.formula1.com/d_driver_fallback_image.png/content/dam/fom-website/drivers/O/OSCPIA01_Oscar_Piastri/oscpia01.png.transform/1col/image.png,7.0,,,0 days 00:01:29.920000,0 days 00:01:28.332000,0 days 00:01:28.500000,,,,,33.9,51.9,30.3,3.8,False
2026,4,Miami Grand Prix,Miami Gardens,Q,2026-05-03,43,COL,colapinto,Alpine,alpine,Franco,Colapinto,https://media.formula1.com/d_driver_fallback_image.png/content/dam/fom-website/drivers/F/FRACOL01_Franco_Colapinto/fracol01.png.transform/1col/image.png,8.0,,,0 days 00:01:29.584000,0 days 00:01:28.975000,0 days 00:01:28.762000,,,,,33.9,51.9,30.3,3.8,False
2026,4,Miami Grand Prix,Miami Gardens,Q,2026-05-03,10,GAS,gasly,Alpine,alpine,Pierre,Gasly,https://media.formula1.com/d_driver_fallback_image.png/content/dam/fom-website/drivers/P/PIEGAS01_Pierre_Gasly/piegas01.png.transform/1col/image.png,9.0,,,0 days 00:01:29.914000,0 days 00:01:29.070000,0 days 00:01:28.810000,,,,,33.9,51.9,30.3,3.8,False
2026,4,Miami Grand Prix,Miami Gardens,Q,2026-05-03,27,HUL,hulkenberg,Audi,audi,Nico,Hulkenberg,https://media.formula1.com/d_driver_fallback_image.png/content/dam/fom-website/drivers/N/NICHUL01_Nico_Hulkenberg/nichul01.png.transform/1col/image.png,10.0,,,0 days 00:01:29.645000,0 days 00:01:29.439000,,,,,,33.9,51.9,30.3,3.8,False
2026,4,Miami Grand Prix,Miami Gardens,Q,2026-05-03,30,LAW,lawson,Racing Bulls,rb,Liam,Lawson,https://media.formula1.com/d_driver_fallback_image.png/content/dam/fom-website/drivers/L/LIALAW01_Liam_Lawson/lialaw01.png.transform/1col/image.png,11.0,,,0 days 00:01:29.595000,0 days 00:01:29.499000,,,,,,33.9,51.9,30.3,3.8,False
2026,4,Miami Grand Prix,Miami Gardens,Q,2026-05-03,87,BEA,bearman,Haas F1 Team,haas,Oliver,Bearman,https://media.formula1.com/d_driver_fallback_image.png/content/dam/fom-website/drivers/O/OLIBEA01_Oliver_Bearman/olibea01.png.transform/1col/image.png,12.0,,,0 days 00:01:29.340000,0 days 00:01:29.567000,,,,,,33.9,51.9,30.3,3.8,False
2026,4,Miami Grand Prix,Miami Gardens,Q,2026-05-03,55,SAI,sainz,Williams,williams,Carlos,Sainz,https://media.formula1.com/d_driver_fallback_image.png/content/dam/fom-website/drivers/C/CARSAI01_Carlos_Sainz/carsai01.png.transform/1col/image.png,13.0,,,0 days 00:01:29.540000,0 days 00:01:29.568000,,,,,,33.9,51.9,30.3,3.8,False
2026,4,Miami Grand Prix,Miami Gardens,Q,2026-05-03,31,OCO,ocon,Haas F1 Team,haas,Esteban,Ocon,https://media.formula1.com/d_driver_fallback_image.png/content/dam/fom-website/drivers/E/ESTOCO01_Esteban_Ocon/estoco01.png.transform/1col/image.png,14.0,,,0 days 00:01:29.838000,0 days 00:01:29.772000,,,,,,33.9,51.9,30.3,3.8,False
2026,4,Miami Grand Prix,Miami Gardens,Q,2026-05-03,23,ALB,albon,Williams,williams,Alexander,Albon,https://media.formula1.com/d_driver_fallback_image.png/content/dam/fom-website/drivers/A/ALEALB01_Alexander_Albon/alealb01.png.transform/1col/image.png,15.0,,,0 days 00:01:29.720000,0 days 00:01:29.946000,,,,,,33.9,51.9,30.3,3.8,False
2026,4,Miami Grand Prix,Miami Gardens,Q,2026-05-03,41,LIN,arvid_lindblad,Racing Bulls,rb,Arvid,Lindblad,https://media.formula1.com/d_driver_fallback_image.png/content/dam/fom-website/drivers/A/ARVLIN01_Arvid_Lindblad/arvlin01.png.transform/1col/image.png,16.0,,,0 days 00:01:30.133000,,,,,,,33.9,51.9,30.3,3.8,False
2026,4,Miami Grand Prix,Miami Gardens,Q,2026-05-03,14,ALO,alonso,Aston Martin,aston_martin,Fernando,Alonso,https://media.formula1.com/d_driver_fallback_image.png/content/dam/fom-website/drivers/F/FERALO01_Fernando_Alonso/feralo01.png.transform/1col/image.png,17.0,,,0 days 00:01:31.098000,,,,,,,33.9,51.9,30.3,3.8,False
2026,4,Miami Grand Prix,Miami Gardens,Q,2026-05-03,18,STR,stroll,Aston Martin,aston_martin,Lance,Stroll,https://media.formula1.com/d_driver_fallback_image.png/content/dam/fom-website/drivers/L/LANSTR01_Lance_Stroll/lanstr01.png.transform/1col/image.png,18.0,,,0 days 00:01:31.164000,,,,,,,33.9,51.9,30.3,3.8,False
2026,4,Miami Grand Prix,Miami Gardens,Q,2026-05-03,77,BOT,bottas,Cadillac,cadillac,Valtteri,Bottas,https://media.formula1.com/d_driver_fallback_image.png/content/dam/fom-website/drivers/V/VALBOT01_Valtteri_Bottas/valbot01.png.transform/1col/image.png,19.0,,,0 days 00:01:31.629000,,,,,,,33.9,51.9,30.3,3.8,False
2026,4,Miami Grand Prix,Miami Gardens,Q,2026-05-03,11,PER,perez,Cadillac,cadillac,Sergio,Perez,https://media.formula1.com/d_driver_fallback_image.png/content/dam/fom-website/drivers/S/SERPER01_Sergio_Perez/serper01.png.transform/1col/image.png,20.0,,,0 days 00:01:31.967000,,,,,,,33.9,51.9,30.3,3.8,False
2026,4,Miami Grand Prix,Miami Gardens,Q,2026-05-03,5,BOR,bortoleto,Audi,audi,Gabriel,Bortoleto,https://media.formula1.com/d_driver_fallback_image.png/content/dam/fom-website/drivers/G/GABBOR01_Gabriel_Bortoleto/gabbor01.png.transform/1col/image.png,21.0,,,0 days 00:01:33.737000,,,,,,,33.9,51.9,30.3,3.8,False
2026,4,Miami Grand Prix,Miami Gardens,Q,2026-05-03,6,HAD,hadjar,Red Bull Racing,red_bull,Isack,Hadjar,https://media.formula1.com/d_driver_fallback_image.png/content/dam/fom-website/drivers/I/ISAHAD01_Isack_Hadjar/isahad01.png.transform/1col/image.png,22.0,,,,,,,,,,33.9,51.9,30.3,3.8,False
2026,5,Canadian Grand Prix,Montréal,Q,2026-05-24,63,RUS,russell,Mercedes,mercedes,George,Russell,https://media.formula1.com/d_driver_fallback_image.png/content/dam/fom-website/drivers/G/GEORUS01_George_Russell/georus01.png.transform/1col/image.png,1.0,,,0 days 00:01:13.953000,0 days 00:01:13.079000,0 days 00:01:12.578000,,,,,21.3,30.9,24.5,1.1,True
2026,5,Canadian Grand Prix,Montréal,Q,2026-05-24,12,ANT,antonelli,Mercedes,mercedes,Kimi,Antonelli,https://media.formula1.com/d_driver_fallback_image.png/content/dam/fom-website/drivers/K/ANDANT01_Kimi_Antonelli/andant01.png.transform/1col/image.png,2.0,,,0 days 00:01:13.380000,0 days 00:01:13.076000,0 days 00:01:12.646000,,,,,21.3,30.9,24.5,1.1,True
2026,5,Canadian Grand Prix,Montréal,Q,2026-05-24,1,NOR,norris,McLaren,mclaren,Lando,Norris,https://media.formula1.com/d_driver_fallback_image.png/content/dam/fom-website/drivers/L/LANNOR01_Lando_Norris/lannor01.png.transform/1col/image.png,3.0,,,0 days 00:01:13.503000,0 days 00:01:13.049000,0 days 00:01:12.729000,,,,,21.3,30.9,24.5,1.1,True
2026,5,Canadian Grand Prix,Montréal,Q,2026-05-24,81,PIA,piastri,McLaren,mclaren,Oscar,Piastri,https://media.formula1.com/d_driver_fallback_image.png/content/dam/fom-website/drivers/O/OSCPIA01_Oscar_Piastri/oscpia01.png.transform/1col/image.png,4.0,,,0 days 00:01:13.559000,0 days 00:01:13.285000,0 days 00:01:12.781000,,,,,21.3,30.9,24.5,1.1,True
2026,5,Canadian Grand Prix,Montréal,Q,2026-05-24,44,HAM,hamilton,Ferrari,ferrari,Lewis,Hamilton,https://media.formula1.com/d_driver_fallback_image.png/content/dam/fom-website/drivers/L/LEWHAM01_Lewis_Hamilton/lewham01.png.transform/1col/image.png,5.0,,,0 days 00:01:13.767000,0 days 00:01:13.041000,0 days 00:01:12.868000,,,,,21.3,30.9,24.5,1.1,True
2026,5,Canadian Grand Prix,Montréal,Q,2026-05-24,3,VER,max_verstappen,Red Bull Racing,red_bull,Max,Verstappen,https://media.formula1.com/d_driver_fallback_image.png/content/dam/fom-website/drivers/M/MAXVER01_Max_Verstappen/maxver01.png.transform/1col/image.png,6.0,,,0 days 00:01:14.067000,0 days 00:01:13.479000,0 days 00:01:12.907000,,,,,21.3,30.9,24.5,1.1,True
2026,5,Canadian Grand Prix,Montréal,Q,2026-05-24,6,HAD,hadjar,Red Bull Racing,red_bull,Isack,Hadjar,https://media.formula1.com/d_driver_fallback_image.png/content/dam/fom-website/drivers/I/ISAHAD01_Isack_Hadjar/isahad01.png.transform/1col/image.png,7.0,,,0 days 00:01:13.654000,0 days 00:01:12.975000,0 days 00:01:12.935000,,,,,21.3,30.9,24.5,1.1,True
2026,5,Canadian Grand Prix,Montréal,Q,2026-05-24,16,LEC,leclerc,Ferrari,ferrari,Charles,Leclerc,https://media.formula1.com/d_driver_fallback_image.png/content/dam/fom-website/drivers/C/CHALEC01_Charles_Leclerc/chalec01.png.transform/1col/image.png,8.0,,,0 days 00:01:13.825000,0 days 00:01:13.496000,0 days 00:01:12.976000,,,,,21.3,30.9,24.5,1.1,True
2026,5,Canadian Grand Prix,Montréal,Q,2026-05-24,41,LIN,arvid_lindblad,Racing Bulls,rb,Arvid,Lindblad,https://media.formula1.com/d_driver_fallback_image.png/content/dam/fom-website/drivers/A/ARVLIN01_Arvid_Lindblad/arvlin01.png.transform/1col/image.png,9.0,,,0 days 00:01:13.895000,0 days 00:01:13.548000,0 days 00:01:13.280000,,,,,21.3,30.9,24.5,1.1,True
2026,5,Canadian Grand Prix,Montréal,Q,2026-05-24,43,COL,colapinto,Alpine,alpine,Franco,Colapinto,https://media.formula1.com/d_driver_fallback_image.png/content/dam/fom-website/drivers/F/FRACOL01_Franco_Colapinto/fracol01.png.transform/1col/image.png,10.0,,,0 days 00:01:14.466000,0 days 00:01:13.857000,0 days 00:01:13.697000,,,,,21.3,30.9,24.5,1.1,True
2026,5,Canadian Grand Prix,Montréal,Q,2026-05-24,27,HUL,hulkenberg,Audi,audi,Nico,Hulkenberg,https://media.formula1.com/d_driver_fallback_image.png/content/dam/fom-website/drivers/N/NICHUL01_Nico_Hulkenberg/nichul01.png.transform/1col/image.png,11.0,,,0 days 00:01:14.562000,0 days 00:01:13.886000,,,,,,21.3,30.9,24.5,1.1,True
2026,5,Canadian Grand Prix,Montréal,Q,2026-05-24,30,LAW,lawson,Racing Bulls,rb,Liam,Lawson,https://media.formula1.com/d_driver_fallback_image.png/content/dam/fom-website/drivers/L/LIALAW01_Liam_Lawson/lialaw01.png.transform/1col/image.png,12.0,,,0 days 00:01:14.346000,0 days 00:01:13.897000,,,,,,21.3,30.9,24.5,1.1,True
2026,5,Canadian Grand Prix,Montréal,Q,2026-05-24,5,BOR,bortoleto,Audi,audi,Gabriel,Bortoleto,https://media.formula1.com/d_driver_fallback_image.png/content/dam/fom-website/drivers/G/GABBOR01_Gabriel_Bortoleto/gabbor01.png.transform/1col/image.png,13.0,,,0 days 00:01:14.775000,0 days 00:01:14.071000,,,,,,21.3,30.9,24.5,1.1,True
2026,5,Canadian Grand Prix,Montréal,Q,2026-05-24,10,GAS,gasly,Alpine,alpine,Pierre,Gasly,https://media.formula1.com/d_driver_fallback_image.png/content/dam/fom-website/drivers/P/PIEGAS01_Pierre_Gasly/piegas01.png.transform/1col/image.png,14.0,,,0 days 00:01:14.698000,0 days 00:01:14.187000,,,,,,21.3,30.9,24.5,1.1,True
2026,5,Canadian Grand Prix,Montréal,Q,2026-05-24,55,SAI,sainz,Williams,williams,Carlos,Sainz,https://media.formula1.com/d_driver_fallback_image.png/content/dam/fom-website/drivers/C/CARSAI01_Carlos_Sainz/carsai01.png.transform/1col/image.png,15.0,,,0 days 00:01:14.276000,0 days 00:01:14.273000,,,,,,21.3,30.9,24.5,1.1,True
2026,5,Canadian Grand Prix,Montréal,Q,2026-05-24,87,BEA,bearman,Haas F1 Team,haas,Oliver,Bearman,https://media.formula1.com/d_driver_fallback_image.png/content/dam/fom-website/drivers/O/OLIBEA01_Oliver_Bearman/olibea01.png.transform/1col/image.png,16.0,,,0 days 00:01:14.449000,0 days 00:01:14.416000,,,,,,21.3,30.9,24.5,1.1,True
2026,5,Canadian Grand Prix,Montréal,Q,2026-05-24,31,OCO,ocon,Haas F1 Team,haas,Esteban,Ocon,https://media.formula1.com/d_driver_fallback_image.png/content/dam/fom-website/drivers/E/ESTOCO01_Esteban_Ocon/estoco01.png.transform/1col/image.png,17.0,,,0 days 00:01:14.845000,,,,,,,21.3,30.9,24.5,1.1,True
2026,5,Canadian Grand Prix,Montréal,Q,2026-05-24,23,ALB,albon,Williams,williams,Alexander,Albon,https://media.formula1.com/d_driver_fallback_image.png/content/dam/fom-website/drivers/A/ALEALB01_Alexander_Albon/alealb01.png.transform/1col/image.png,18.0,,,0 days 00:01:14.851000,,,,,,,21.3,30.9,24.5,1.1,True
2026,5,Canadian Grand Prix,Montréal,Q,2026-05-24,14,ALO,alonso,Aston Martin,aston_martin,Fernando,Alonso,https://media.formula1.com/d_driver_fallback_image.png/content/dam/fom-website/drivers/F/FERALO01_Fernando_Alonso/feralo01.png.transform/1col/image.png,19.0,,,0 days 00:01:15.196000,,,,,,,21.3,30.9,24.5,1.1,True
2026,5,Canadian Grand Prix,Montréal,Q,2026-05-24,11,PER,perez,Cadillac,cadillac,Sergio,Perez,https://media.formula1.com/d_driver_fallback_image.png/content/dam/fom-website/drivers/S/SERPER01_Sergio_Perez/serper01.png.transform/1col/image.png,20.0,,,0 days 00:01:15.429000,,,,,,,21.3,30.9,24.5,1.1,True
2026,5,Canadian Grand Prix,Montréal,Q,2026-05-24,18,STR,stroll,Aston Martin,aston_martin,Lance,Stroll,https://media.formula1.com/d_driver_fallback_image.png/content/dam/fom-website/drivers/L/LANSTR01_Lance_Stroll/lanstr01.png.transform/1col/image.png,21.0,,,0 days 00:01:16.195000,,,,,,,21.3,30.9,24.5,1.1,True
2026,5,Canadian Grand Prix,Montréal,Q,2026-05-24,77,BOT,bottas,Cadillac,cadillac,Valtteri,Bottas,https://media.formula1.com/d_driver_fallback_image.png/content/dam/fom-website/drivers/V/VALBOT01_Valtteri_Bottas/valbot01.png.transform/1col/image.png,22.0,,,0 days 00:01:16.272000,,,,,,,21.3,30.9,24.5,1.1,True
2026,6,Monaco Grand Prix,Monte Carlo,Q,2026-06-07,12,ANT,antonelli,Mercedes,mercedes,Kimi,Antonelli,https://media.formula1.com/d_driver_fallback_image.png/content/dam/fom-website/drivers/K/ANDANT01_Kimi_Antonelli/andant01.png.transform/1col/image.png,1.0,,,0 days 00:01:13.599000,0 days 00:01:12.704000,0 days 00:01:12.051000,,,,,23.7,38.5,54.9,0.9,False
2026,6,Monaco Grand Prix,Monte Carlo,Q,2026-06-07,3,VER,max_verstappen,Red Bull Racing,red_bull,Max,Verstappen,https://media.formula1.com/d_driver_fallback_image.png/content/dam/fom-website/drivers/M/MAXVER01_Max_Verstappen/maxver01.png.transform/1col/image.png,2.0,,,0 days 00:01:13.490000,0 days 00:01:12.499000,0 days 00:01:12.094000,,,,,23.7,38.5,54.9,0.9,False
2026,6,Monaco Grand Prix,Monte Carlo,Q,2026-06-07,44,HAM,hamilton,Ferrari,ferrari,Lewis,Hamilton,https://media.formula1.com/d_driver_fallback_image.png/content/dam/fom-website/drivers/L/LEWHAM01_Lewis_Hamilton/lewham01.png.transform/1col/image.png,3.0,,,0 days 00:01:13.777000,0 days 00:01:12.934000,0 days 00:01:12.279000,,,,,23.7,38.5,54.9,0.9,False
2026,6,Monaco Grand Prix,Monte Carlo,Q,2026-06-07,16,LEC,leclerc,Ferrari,ferrari,Charles,Leclerc,https://media.formula1.com/d_driver_fallback_image.png/content/dam/fom-website/drivers/C/CHALEC01_Charles_Leclerc/chalec01.png.transform/1col/image.png,4.0,,,0 days 00:01:13.293000,0 days 00:01:12.774000,0 days 00:01:12.351000,,,,,23.7,38.5,54.9,0.9,False
2026,6,Monaco Grand Prix,Monte Carlo,Q,2026-06-07,6,HAD,hadjar,Red Bull Racing,red_bull,Isack,Hadjar,https://media.formula1.com/d_driver_fallback_image.png/content/dam/fom-website/drivers/I/ISAHAD01_Isack_Hadjar/isahad01.png.transform/1col/image.png,5.0,,,0 days 00:01:14.408000,0 days 00:01:12.722000,0 days 00:01:12.434000,,,,,23.7,38.5,54.9,0.9,False
2026,6,Monaco Grand Prix,Monte Carlo,Q,2026-06-07,63,RUS,russell,Mercedes,mercedes,George,Russell,https://media.formula1.com/d_driver_fallback_image.png/content/dam/fom-website/drivers/G/GEORUS01_George_Russell/georus01.png.transform/1col/image.png,6.0,,,0 days 00:01:14.214000,0 days 00:01:13.238000,0 days 00:01:12.445000,,,,,23.7,38.5,54.9,0.9,False
2026,6,Monaco Grand Prix,Monte Carlo,Q,2026-06-07,81,PIA,piastri,McLaren,mclaren,Oscar,Piastri,https://media.formula1.com/d_driver_fallback_image.png/content/dam/fom-website/drivers/O/OSCPIA01_Oscar_Piastri/oscpia01.png.transform/1col/image.png,7.0,,,0 days 00:01:14.159000,0 days 00:01:12.983000,0 days 00:01:12.624000,,,,,23.7,38.5,54.9,0.9,False
2026,6,Monaco Grand Prix,Monte Carlo,Q,2026-06-07,1,NOR,norris,McLaren,mclaren,Lando,Norris,https://media.formula1.com/d_driver_fallback_image.png/content/dam/fom-website/drivers/L/LANNOR01_Lando_Norris/lannor01.png.transform/1col/image.png,8.0,,,0 days 00:01:13.630000,0 days 00:01:12.919000,0 days 00:01:12.765000,,,,,23.7,38.5,54.9,0.9,False
2026,6,Monaco Grand Prix,Monte Carlo,Q,2026-06-07,10,GAS,gasly,Alpine,alpine,Pierre,Gasly,https://media.formula1.com/d_driver_fallback_image.png/content/dam/fom-website/drivers/P/PIEGAS01_Pierre_Gasly/piegas01.png.transform/1col/image.png,9.0,,,0 days 00:01:14.469000,0 days 00:01:13.762000,0 days 00:01:13.226000,,,,,23.7,38.5,54.9,0.9,False
2026,6,Monaco Grand Prix,Monte Carlo,Q,2026-06-07,30,LAW,lawson,Racing Bulls,rb,Liam,Lawson,https://media.formula1.com/d_driver_fallback_image.png/content/dam/fom-website/drivers/L/LIALAW01_Liam_Lawson/lialaw01.png.transform/1col/image.png,10.0,,,0 days 00:01:14.498000,0 days 00:01:13.471000,0 days 00:01:13.412000,,,,,23.7,38.5,54.9,0.9,False
2026,6,Monaco Grand Prix,Monte Carlo,Q,2026-06-07,23,ALB,albon,Williams,williams,Alexander,Albon,https://media.formula1.com/d_driver_fallback_image.png/content/dam/fom-website/drivers/A/ALEALB01_Alexander_Albon/alealb01.png.transform/1col/image.png,11.0,,,0 days 00:01:14.321000,0 days 00:01:13.787000,,,,,,23.7,38.5,54.9,0.9,False
2026,6,Monaco Grand Prix,Monte Carlo,Q,2026-06-07,55,SAI,sainz,Williams,williams,Carlos,Sainz,https://media.formula1.com/d_driver_fallback_image.png/content/dam/fom-website/drivers/C/CARSAI01_Carlos_Sainz/carsai01.png.transform/1col/image.png,12.0,,,0 days 00:01:14.348000,0 days 00:01:13.815000,,,,,,23.7,38.5,54.9,0.9,False
2026,6,Monaco Grand Prix,Monte Carlo,Q,2026-06-07,27,HUL,hulkenberg,Audi,audi,Nico,Hulkenberg,https://media.formula1.com/d_driver_fallback_image.png/content/dam/fom-website/drivers/N/NICHUL01_Nico_Hulkenberg/nichul01.png.transform/1col/image.png,13.0,,,0 days 00:01:13.923000,0 days 00:01:13.902000,,,,,,23.7,38.5,54.9,0.9,False
2026,6,Monaco Grand Prix,Monte Carlo,Q,2026-06-07,43,COL,colapinto,Alpine,alpine,Franco,Colapinto,https://media.formula1.com/d_driver_fallback_image.png/content/dam/fom-website/drivers/F/FRACOL01_Franco_Colapinto/fracol01.png.transform/1col/image.png,14.0,,,0 days 00:01:14.573000,0 days 00:01:13.995000,,,,,,23.7,38.5,54.9,0.9,False
2026,6,Monaco Grand Prix,Monte Carlo,Q,2026-06-07,41,LIN,arvid_lindblad,Racing Bulls,rb,Arvid,Lindblad,https://media.formula1.com/d_driver_fallback_image.png/content/dam/fom-website/drivers/A/ARVLIN01_Arvid_Lindblad/arvlin01.png.transform/1col/image.png,15.0,,,0 days 00:01:14.685000,0 days 00:01:14.248000,,,,,,23.7,38.5,54.9,0.9,False
2026,6,Monaco Grand Prix,Monte Carlo,Q,2026-06-07,5,BOR,bortoleto,Audi,audi,Gabriel,Bortoleto,https://media.formula1.com/d_driver_fallback_image.png/content/dam/fom-website/drivers/G/GABBOR01_Gabriel_Bortoleto/gabbor01.png.transform/1col/image.png,16.0,,,0 days 00:01:14.683000,,,,,,,23.7,38.5,54.9,0.9,False
2026,6,Monaco Grand Prix,Monte Carlo,Q,2026-06-07,31,OCO,ocon,Haas F1 Team,haas,Esteban,Ocon,https://media.formula1.com/d_driver_fallback_image.png/content/dam/fom-website/drivers/E/ESTOCO01_Esteban_Ocon/estoco01.png.transform/1col/image.png,17.0,,,0 days 00:01:14.722000,,,,,,,23.7,38.5,54.9,0.9,False
2026,6,Monaco Grand Prix,Monte Carlo,Q,2026-06-07,11,PER,perez,Cadillac,cadillac,Sergio,Perez,https://media.formula1.com/d_driver_fallback_image.png/content/dam/fom-website/drivers/S/SERPER01_Sergio_Perez/serper01.png.transform/1col/image.png,18.0,,,0 days 00:01:14.747000,,,,,,,23.7,38.5,54.9,0.9,False
2026,6,Monaco Grand Prix,Monte Carlo,Q,2026-06-07,87,BEA,bearman,Haas F1 Team,haas,Oliver,Bearman,https://media.formula1.com/d_driver_fallback_image.png/content/dam/fom-website/drivers/O/OLIBEA01_Oliver_Bearman/olibea01.png.transform/1col/image.png,19.0,,,0 days 00:01:14.814000,,,,,,,23.7,38.5,54.9,0.9,False
2026,6,Monaco Grand Prix,Monte Carlo,Q,2026-06-07,77,BOT,bottas,Cadillac,cadillac,Valtteri,Bottas,https://media.formula1.com/d_driver_fallback_image.png/content/dam/fom-website/drivers/V/VALBOT01_Valtteri_Bottas/valbot01.png.transform/1col/image.png,20.0,,,0 days 00:01:15.283000,,,,,,,23.7,38.5,54.9,0.9,False
2026,6,Monaco Grand Prix,Monte Carlo,Q,2026-06-07,14,ALO,alonso,Aston Martin,aston_martin,Fernando,Alonso,https://media.formula1.com/d_driver_fallback_image.png/content/dam/fom-website/drivers/F/FERALO01_Fernando_Alonso/feralo01.png.transform/1col/image.png,21.0,,,0 days 00:01:15.349000,,,,,,,23.7,38.5,54.9,0.9,False
2026,6,Monaco Grand Prix,Monte Carlo,Q,2026-06-07,18,STR,stroll,Aston Martin,aston_martin,Lance,Stroll,https://media.formula1.com/d_driver_fallback_image.png/content/dam/fom-website/drivers/L/LANSTR01_Lance_Stroll/lanstr01.png.transform/1col/image.png,22.0,,,0 days 00:01:16.061000,,,,,,,23.7,38.5,54.9,0.9,False
2026,7,Barcelona Grand Prix,Barcelona,Q,2026-06-14,63,RUS,russell,Mercedes,mercedes,George,Russell,https://media.formula1.com/d_driver_fallback_image.png/content/dam/fom-website/drivers/G/GEORUS01_George_Russell/georus01.png.transform/1col/image.png,1.0,,,0 days 00:01:15.717000,0 days 00:01:15.228000,0 days 00:01:14.679000,,,,,30.7,50.2,28.3,2.3,False
2026,7,Barcelona Grand Prix,Barcelona,Q,2026-06-14,44,HAM,hamilton,Ferrari,ferrari,Lewis,Hamilton,https://media.formula1.com/d_driver_fallback_image.png/content/dam/fom-website/drivers/L/LEWHAM01_Lewis_Hamilton/lewham01.png.transform/1col/image.png,2.0,,,0 days 00:01:15.625000,0 days 00:01:15.418000,0 days 00:01:14.743000,,,,,30.7,50.2,28.3,2.3,False
2026,7,Barcelona Grand Prix,Barcelona,Q,2026-06-14,12,ANT,antonelli,Mercedes,mercedes,Kimi,Antonelli,https://media.formula1.com/d_driver_fallback_image.png/content/dam/fom-website/drivers/K/ANDANT01_Kimi_Antonelli/andant01.png.transform/1col/image.png,3.0,,,0 days 00:01:15.977000,0 days 00:01:15.295000,0 days 00:01:14.998000,,,,,30.7,50.2,28.3,2.3,False
2026,7,Barcelona Grand Prix,Barcelona,Q,2026-06-14,1,NOR,norris,McLaren,mclaren,Lando,Norris,https://media.formula1.com/d_driver_fallback_image.png/content/dam/fom-website/drivers/L/LANNOR01_Lando_Norris/lannor01.png.transform/1col/image.png,4.0,,,0 days 00:01:16.287000,0 days 00:01:15.361000,0 days 00:01:15.001000,,,,,30.7,50.2,28.3,2.3,False
2026,7,Barcelona Grand Prix,Barcelona,Q,2026-06-14,3,VER,max_verstappen,Red Bull Racing,red_bull,Max,Verstappen,https://media.formula1.com/d_driver_fallback_image.png/content/dam/fom-website/drivers/M/MAXVER01_Max_Verstappen/maxver01.png.transform/1col/image.png,5.0,,,0 days 00:01:16.352000,0 days 00:01:15.484000,0 days 00:01:15.021000,,,,,30.7,50.2,28.3,2.3,False
2026,7,Barcelona Grand Prix,Barcelona,Q,2026-06-14,6,HAD,hadjar,Red Bull Racing,red_bull,Isack,Hadjar,https://media.formula1.com/d_driver_fallback_image.png/content/dam/fom-website/drivers/I/ISAHAD01_Isack_Hadjar/isahad01.png.transform/1col/image.png,6.0,,,0 days 00:01:16.427000,0 days 00:01:15.754000,0 days 00:01:15.077000,,,,,30.7,50.2,28.3,2.3,False
2026,7,Barcelona Grand Prix,Barcelona,Q,2026-06-14,81,PIA,piastri,McLaren,mclaren,Oscar,Piastri,https://media.formula1.com/d_driver_fallback_image.png/content/dam/fom-website/drivers/O/OSCPIA01_Oscar_Piastri/oscpia01.png.transform/1col/image.png,7.0,,,0 days 00:01:16.138000,0 days 00:01:15.518000,0 days 00:01:15.090000,,,,,30.7,50.2,28.3,2.3,False
2026,7,Barcelona Grand Prix,Barcelona,Q,2026-06-14,30,LAW,lawson,Racing Bulls,rb,Liam,Lawson,https://media.formula1.com/d_driver_fallback_image.png/content/dam/fom-website/drivers/L/LIALAW01_Liam_Lawson/lialaw01.png.transform/1col/image.png,8.0,,,0 days 00:01:16.673000,0 days 00:01:15.585000,0 days 00:01:16.542000,,,,,30.7,50.2,28.3,2.3,False
2026,7,Barcelona Grand Prix,Barcelona,Q,2026-06-14,27,HUL,hulkenberg,Audi,audi,Nico,Hulkenberg,https://media.formula1.com/d_driver_fallback_image.png/content/dam/fom-website/drivers/N/NICHUL01_Nico_Hulkenberg/nichul01.png.transform/1col/image.png,9.0,,,0 days 00:01:16.066000,0 days 00:01:15.768000,0 days 00:01:16.657000,,,,,30.7,50.2,28.3,2.3,False
2026,7,Barcelona Grand Prix,Barcelona,Q,2026-06-14,16,LEC,leclerc,Ferrari,ferrari,Charles,Leclerc,https://media.formula1.com/d_driver_fallback_image.png/content/dam/fom-website/drivers/C/CHALEC01_Charles_Leclerc/chalec01.png.transform/1col/image.png,10.0,,,0 days 00:01:15.964000,0 days 00:01:15.281000,,,,,,30.7,50.2,28.3,2.3,False
2026,7,Barcelona Grand Prix,Barcelona,Q,2026-06-14,41,LIN,arvid_lindblad,Racing Bulls,rb,Arvid,Lindblad,https://media.formula1.com/d_driver_fallback_image.png/content/dam/fom-website/drivers/A/ARVLIN01_Arvid_Lindblad/arvlin01.png.transform/1col/image.png,11.0,,,0 days 00:01:16.425000,0 days 00:01:15.840000,,,,,,30.7,50.2,28.3,2.3,False
2026,7,Barcelona Grand Prix,Barcelona,Q,2026-06-14,5,BOR,bortoleto,Audi,audi,Gabriel,Bortoleto,https://media.formula1.com/d_driver_fallback_image.png/content/dam/fom-website/drivers/G/GABBOR01_Gabriel_Bortoleto/gabbor01.png.transform/1col/image.png,12.0,,,0 days 00:01:16.616000,0 days 00:01:16.001000,,,,,,30.7,50.2,28.3,2.3,False
2026,7,Barcelona Grand Prix,Barcelona,Q,2026-06-14,43,COL,colapinto,Alpine,alpine,Franco,Colapinto,https://media.formula1.com/d_driver_fallback_image.png/content/dam/fom-website/drivers/F/FRACOL01_Franco_Colapinto/fracol01.png.transform/1col/image.png,13.0,,,0 days 00:01:16.590000,0 days 00:01:16.191000,,,,,,30.7,50.2,28.3,2.3,False
2026,7,Barcelona Grand Prix,Barcelona,Q,2026-06-14,10,GAS,gasly,Alpine,alpine,Pierre,Gasly,https://media.formula1.com/d_driver_fallback_image.png/content/dam/fom-website/drivers/P/PIEGAS01_Pierre_Gasly/piegas01.png.transform/1col/image.png,14.0,,,0 days 00:01:16.599000,0 days 00:01:16.261000,,,,,,30.7,50.2,28.3,2.3,False
2026,7,Barcelona Grand Prix,Barcelona,Q,2026-06-14,87,BEA,bearman,Haas F1 Team,haas,Oliver,Bearman,https://media.formula1.com/d_driver_fallback_image.png/content/dam/fom-website/drivers/O/OLIBEA01_Oliver_Bearman/olibea01.png.transform/1col/image.png,15.0,,,0 days 00:01:16.571000,0 days 00:01:16.389000,,,,,,30.7,50.2,28.3,2.3,False
2026,7,Barcelona Grand Prix,Barcelona,Q,2026-06-14,55,SAI,sainz,Williams,williams,Carlos,Sainz,https://media.formula1.com/d_driver_fallback_image.png/content/dam/fom-website/drivers/C/CARSAI01_Carlos_Sainz/carsai01.png.transform/1col/image.png,16.0,,,0 days 00:01:16.881000,0 days 00:01:17.827000,,,,,,30.7,50.2,28.3,2.3,False
2026,7,Barcelona Grand Prix,Barcelona,Q,2026-06-14,31,OCO,ocon,Haas F1 Team,haas,Esteban,Ocon,https://media.formula1.com/d_driver_fallback_image.png/content/dam/fom-website/drivers/E/ESTOCO01_Esteban_Ocon/estoco01.png.transform/1col/image.png,17.0,,,0 days 00:01:17.073000,,,,,,,30.7,50.2,28.3,2.3,False
2026,7,Barcelona Grand Prix,Barcelona,Q,2026-06-14,23,ALB,albon,Williams,williams,Alexander,Albon,https://media.formula1.com/d_driver_fallback_image.png/content/dam/fom-website/drivers/A/ALEALB01_Alexander_Albon/alealb01.png.transform/1col/image.png,18.0,,,0 days 00:01:17.424000,,,,,,,30.7,50.2,28.3,2.3,False
2026,7,Barcelona Grand Prix,Barcelona,Q,2026-06-14,11,PER,perez,Cadillac,cadillac,Sergio,Perez,https://media.formula1.com/d_driver_fallback_image.png/content/dam/fom-website/drivers/S/SERPER01_Sergio_Perez/serper01.png.transform/1col/image.png,19.0,,,0 days 00:01:17.545000,,,,,,,30.7,50.2,28.3,2.3,False
2026,7,Barcelona Grand Prix,Barcelona,Q,2026-06-14,77,BOT,bottas,Cadillac,cadillac,Valtteri,Bottas,https://media.formula1.com/d_driver_fallback_image.png/content/dam/fom-website/drivers/V/VALBOT01_Valtteri_Bottas/valbot01.png.transform/1col/image.png,20.0,,,0 days 00:01:17.757000,,,,,,,30.7,50.2,28.3,2.3,False
2026,7,Barcelona Grand Prix,Barcelona,Q,2026-06-14,18,STR,stroll,Aston Martin,aston_martin,Lance,Stroll,https://media.formula1.com/d_driver_fallback_image.png/content/dam/fom-website/drivers/L/LANSTR01_Lance_Stroll/lanstr01.png.transform/1col/image.png,21.0,,,0 days 00:01:18.758000,,,,,,,30.7,50.2,28.3,2.3,False
2026,7,Barcelona Grand Prix,Barcelona,Q,2026-06-14,14,ALO,alonso,Aston Martin,aston_martin,Fernando,Alonso,https://media.formula1.com/d_driver_fallback_image.png/content/dam/fom-website/drivers/F/FERALO01_Fernando_Alonso/feralo01.png.transform/1col/image.png,22.0,,,0 days 00:01:18.815000,,,,,,,30.7,50.2,28.3,2.3,False
2026,8,Austrian Grand Prix,Spielberg,Q,2026-06-28,63,RUS,russell,Mercedes,mercedes,George,Russell,https://media.formula1.com/d_driver_fallback_image.png/content/dam/fom-website/drivers/G/GEORUS01_George_Russell/georus01.png.transform/1col/image.png,1.0,,,0 days 00:01:07.398000,0 days 00:01:06.979000,0 days 00:01:06.113000,,,,,33.3,51.9,25.4,1.2,False
2026,8,Austrian Grand Prix,Spielberg,Q,2026-06-28,16,LEC,leclerc,Ferrari,ferrari,Charles,Leclerc,https://media.formula1.com/d_driver_fallback_image.png/content/dam/fom-website/drivers/C/CHALEC01_Charles_Leclerc/chalec01.png.transform/1col/image.png,2.0,,,0 days 00:01:07.543000,0 days 00:01:07.030000,0 days 00:01:06.349000,,,,,33.3,51.9,25.4,1.2,False
2026,8,Austrian Grand Prix,Spielberg,Q,2026-06-28,44,HAM,hamilton,Ferrari,ferrari,Lewis,Hamilton,https://media.formula1.com/d_driver_fallback_image.png/content/dam/fom-website/drivers/L/LEWHAM01_Lewis_Hamilton/lewham01.png.transform/1col/image.png,3.0,,,0 days 00:01:07.290000,0 days 00:01:06.994000,0 days 00:01:06.408000,,,,,33.3,51.9,25.4,1.2,False
2026,8,Austrian Grand Prix,Spielberg,Q,2026-06-28,12,ANT,antonelli,Mercedes,mercedes,Kimi,Antonelli,https://media.formula1.com/d_driver_fallback_image.png/content/dam/fom-website/drivers/K/ANDANT01_Kimi_Antonelli/andant01.png.transform/1col/image.png,4.0,,,0 days 00:01:07.083000,0 days 00:01:06.763000,0 days 00:01:06.414000,,,,,33.3,51.9,25.4,1.2,False
2026,8,Austrian Grand Prix,Spielberg,Q,2026-06-28,3,VER,max_verstappen,Red Bull Racing,red_bull,Max,Verstappen,https://media.formula1.com/d_driver_fallback_image.png/content/dam/fom-website/drivers/M/MAXVER01_Max_Verstappen/maxver01.png.transform/1col/image.png,5.0,,,0 days 00:01:07.407000,0 days 00:01:07.183000,0 days 00:01:06.475000,,,,,33.3,51.9,25.4,1.2,False
2026,8,Austrian Grand Prix,Spielberg,Q,2026-06-28,1,NOR,norris,McLaren,mclaren,Lando,Norris,https://media.formula1.com/d_driver_fallback_image.png/content/dam/fom-website/drivers/L/LANNOR01_Lando_Norris/lannor01.png.transform/1col/image.png,6.0,,,0 days 00:01:07.259000,0 days 00:01:06.897000,0 days 00:01:06.502000,,,,,33.3,51.9,25.4,1.2,False
2026,8,Austrian Grand Prix,Spielberg,Q,2026-06-28,81,PIA,piastri,McLaren,mclaren,Oscar,Piastri,https://media.formula1.com/d_driver_fallback_image.png/content/dam/fom-website/drivers/O/OSCPIA01_Oscar_Piastri/oscpia01.png.transform/1col/image.png,7.0,,,0 days 00:01:07.487000,0 days 00:01:06.890000,0 days 00:01:06.511000,,,,,33.3,51.9,25.4,1.2,False
2026,8,Austrian Grand Prix,Spielberg,Q,2026-06-28,6,HAD,hadjar,Red Bull Racing,red_bull,Isack,Hadjar,https://media.formula1.com/d_driver_fallback_image.png/content/dam/fom-website/drivers/I/ISAHAD01_Isack_Hadjar/isahad01.png.transform/1col/image.png,8.0,,,0 days 00:01:07.408000,0 days 00:01:07.086000,0 days 00:01:06.632000,,,,,33.3,51.9,25.4,1.2,False
2026,8,Austrian Grand Prix,Spielberg,Q,2026-06-28,30,LAW,lawson,Racing Bulls,rb,Liam,Lawson,https://media.formula1.com/d_driver_fallback_image.png/content/dam/fom-website/drivers/L/LIALAW01_Liam_Lawson/lialaw01.png.transform/1col/image.png,9.0,,,0 days 00:01:07.385000,0 days 00:01:07.136000,0 days 00:01:06.955000,,,,,33.3,51.9,25.4,1.2,False
2026,8,Austrian Grand Prix,Spielberg,Q,2026-06-28,41,LIN,arvid_lindblad,Racing Bulls,rb,Arvid,Lindblad,https://media.formula1.com/d_driver_fallback_image.png/content/dam/fom-website/drivers/A/ARVLIN01_Arvid_Lindblad/arvlin01.png.transform/1col/image.png,10.0,,,0 days 00:01:07.549000,0 days 00:01:07.155000,0 days 00:01:07.007000,,,,,33.3,51.9,25.4,1.2,False
2026,8,Austrian Grand Prix,Spielberg,Q,2026-06-28,10,GAS,gasly,Alpine,alpine,Pierre,Gasly,https://media.formula1.com/d_driver_fallback_image.png/content/dam/fom-website/drivers/P/PIEGAS01_Pierre_Gasly/piegas01.png.transform/1col/image.png,11.0,,,0 days 00:01:08.038000,0 days 00:01:07.223000,,,,,,33.3,51.9,25.4,1.2,False
2026,8,Austrian Grand Prix,Spielberg,Q,2026-06-28,5,BOR,bortoleto,Audi,audi,Gabriel,Bortoleto,https://media.formula1.com/d_driver_fallback_image.png/content/dam/fom-website/drivers/G/GABBOR01_Gabriel_Bortoleto/gabbor01.png.transform/1col/image.png,12.0,,,0 days 00:01:08.035000,0 days 00:01:07.293000,,,,,,33.3,51.9,25.4,1.2,False
2026,8,Austrian Grand Prix,Spielberg,Q,2026-06-28,87,BEA,bearman,Haas F1 Team,haas,Oliver,Bearman,https://media.formula1.com/d_driver_fallback_image.png/content/dam/fom-website/drivers/O/OLIBEA01_Oliver_Bearman/olibea01.png.transform/1col/image.png,13.0,,,0 days 00:01:08.061000,0 days 00:01:07.523000,,,,,,33.3,51.9,25.4,1.2,False
2026,8,Austrian Grand Prix,Spielberg,Q,2026-06-28,27,HUL,hulkenberg,Audi,audi,Nico,Hulkenberg,https://media.formula1.com/d_driver_fallback_image.png/content/dam/fom-website/drivers/N/NICHUL01_Nico_Hulkenberg/nichul01.png.transform/1col/image.png,14.0,,,0 days 00:01:08.066000,0 days 00:01:07.611000,,,,,,33.3,51.9,25.4,1.2,False
2026,8,Austrian Grand Prix,Spielberg,Q,2026-06-28,31,OCO,ocon,Haas F1 Team,haas,Esteban,Ocon,https://media.formula1.com/d_driver_fallback_image.png/content/dam/fom-website/drivers/E/ESTOCO01_Esteban_Ocon/estoco01.png.transform/1col/image.png,15.0,,,0 days 00:01:08.231000,0 days 00:01:07.817000,,,,,,33.3,51.9,25.4,1.2,False
2026,8,Austrian Grand Prix,Spielberg,Q,2026-06-28,43,COL,colapinto,Alpine,alpine,Franco,Colapinto,https://media.formula1.com/d_driver_fallback_image.png/content/dam/fom-website/drivers/F/FRACOL01_Franco_Colapinto/fracol01.png.transform/1col/image.png,16.0,,,0 days 00:01:07.894000,0 days 00:01:08.171000,,,,,,33.3,51.9,25.4,1.2,False
2026,8,Austrian Grand Prix,Spielberg,Q,2026-06-28,55,SAI,sainz,Williams,williams,Carlos,Sainz,https://media.formula1.com/d_driver_fallback_image.png/content/dam/fom-website/drivers/C/CARSAI01_Carlos_Sainz/carsai01.png.transform/1col/image.png,17.0,,,0 days 00:01:08.252000,,,,,,,33.3,51.9,25.4,1.2,False
2026,8,Austrian Grand Prix,Spielberg,Q,2026-06-28,23,ALB,albon,Williams,williams,Alexander,Albon,https://media.formula1.com/d_driver_fallback_image.png/content/dam/fom-website/drivers/A/ALEALB01_Alexander_Albon/alealb01.png.transform/1col/image.png,18.0,,,0 days 00:01:08.509000,,,,,,,33.3,51.9,25.4,1.2,False
2026,8,Austrian Grand Prix,Spielberg,Q,2026-06-28,11,PER,perez,Cadillac,cadillac,Sergio,Perez,https://media.formula1.com/d_driver_fallback_image.png/content/dam/fom-website/drivers/S/SERPER01_Sergio_Perez/serper01.png.transform/1col/image.png,19.0,,,0 days 00:01:08.945000,,,,,,,33.3,51.9,25.4,1.2,False
2026,8,Austrian Grand Prix,Spielberg,Q,2026-06-28,77,BOT,bottas,Cadillac,cadillac,Valtteri,Bottas,https://media.formula1.com/d_driver_fallback_image.png/content/dam/fom-website/drivers/V/VALBOT01_Valtteri_Bottas/valbot01.png.transform/1col/image.png,20.0,,,0 days 00:01:09.030000,,,,,,,33.3,51.9,25.4,1.2,False
2026,8,Austrian Grand Prix,Spielberg,Q,2026-06-28,14,ALO,alonso,Aston Martin,aston_martin,Fernando,Alonso,https://media.formula1.com/d_driver_fallback_image.png/content/dam/fom-website/drivers/F/FERALO01_Fernando_Alonso/feralo01.png.transform/1col/image.png,21.0,,,0 days 00:01:09.942000,,,,,,,33.3,51.9,25.4,1.2,False
2026,8,Austrian Grand Prix,Spielberg,Q,2026-06-28,18,STR,stroll,Aston Martin,aston_martin,Lance,Stroll,https://media.formula1.com/d_driver_fallback_image.png/content/dam/fom-website/drivers/L/LANSTR01_Lance_Stroll/lanstr01.png.transform/1col/image.png,22.0,,,0 days 00:01:10.363000,,,,,,,33.3,51.9,25.4,1.2,False
2026,9,British Grand Prix,Silverstone,Q,2026-07-05,12,ANT,antonelli,Mercedes,mercedes,Kimi,Antonelli,https://media.formula1.com/d_driver_fallback_image.png/content/dam/fom-website/drivers/K/ANDANT01_Kimi_Antonelli/andant01.png.transform/1col/image.png,1.0,,,0 days 00:01:29.719000,0 days 00:01:28.493000,0 days 00:01:28.111000,,,,,25.2,41.1,48.1,2.2,False
2026,9,British Grand Prix,Silverstone,Q,2026-07-05,16,LEC,leclerc,Ferrari,ferrari,Charles,Leclerc,https://media.formula1.com/d_driver_fallback_image.png/content/dam/fom-website/drivers/C/CHALEC01_Charles_Leclerc/chalec01.png.transform/1col/image.png,2.0,,,0 days 00:01:29.534000,0 days 00:01:28.626000,0 days 00:01:28.286000,,,,,25.2,41.1,48.1,2.2,False
2026,9,British Grand Prix,Silverstone,Q,2026-07-05,44,HAM,hamilton,Ferrari,ferrari,Lewis,Hamilton,https://media.formula1.com/d_driver_fallback_image.png/content/dam/fom-website/drivers/L/LEWHAM01_Lewis_Hamilton/lewham01.png.transform/1col/image.png,3.0,,,0 days 00:01:29.644000,0 days 00:01:28.864000,0 days 00:01:28.458000,,,,,25.2,41.1,48.1,2.2,False
2026,9,British Grand Prix,Silverstone,Q,2026-07-05,63,RUS,russell,Mercedes,mercedes,George,Russell,https://media.formula1.com/d_driver_fallback_image.png/content/dam/fom-website/drivers/G/GEORUS01_George_Russell/georus01.png.transform/1col/image.png,4.0,,,0 days 00:01:29.985000,0 days 00:01:28.920000,0 days 00:01:28.481000,,,,,25.2,41.1,48.1,2.2,False
2026,9,British Grand Prix,Silverstone,Q,2026-07-05,6,HAD,hadjar,Red Bull Racing,red_bull,Isack,Hadjar,https://media.formula1.com/d_driver_fallback_image.png/content/dam/fom-website/drivers/I/ISAHAD01_Isack_Hadjar/isahad01.png.transform/1col/image.png,5.0,,,0 days 00:01:29.276000,0 days 00:01:29.069000,0 days 00:01:28.746000,,,,,25.2,41.1,48.1,2.2,False
2026,9,British Grand Prix,Silverstone,Q,2026-07-05,1,NOR,norris,McLaren,mclaren,Lando,Norris,https://media.formula1.com/d_driver_fallback_image.png/content/dam/fom-website/drivers/L/LANNOR01_Lando_Norris/lannor01.png.transform/1col/image.png,6.0,,,0 days 00:01:30.186000,0 days 00:01:29.383000,0 days 00:01:28.877000,,,,,25.2,41.1,48.1,2.2,False
2026,9,British Grand Prix,Silverstone,Q,2026-07-05,3,VER,max_verstappen,Red Bull Racing,red_bull,Max,Verstappen,https://media.formula1.com/d_driver_fallback_image.png/content/dam/fom-website/drivers/M/MAXVER01_Max_Verstappen/maxver01.png.transform/1col/image.png,7.0,,,0 days 00:01:29.549000,0 days 00:01:29.113000,0 days 00:01:28.893000,,,,,25.2,41.1,48.1,2.2,False
2026,9,British Grand Prix,Silverstone,Q,2026-07-05,81,PIA,piastri,McLaren,mclaren,Oscar,Piastri,https://media.formula1.com/d_driver_fallback_image.png/content/dam/fom-website/drivers/O/OSCPIA01_Oscar_Piastri/oscpia01.png.transform/1col/image.png,8.0,,,0 days 00:01:29.971000,0 days 00:01:29.218000,0 days 00:01:29.032000,,,,,25.2,41.1,48.1,2.2,False
2026,9,British Grand Prix,Silverstone,Q,2026-07-05,41,LIN,arvid_lindblad,Racing Bulls,rb,Arvid,Lindblad,https://media.formula1.com/d_driver_fallback_image.png/content/dam/fom-website/drivers/A/ARVLIN01_Arvid_Lindblad/arvlin01.png.transform/1col/image.png,9.0,,,0 days 00:01:29.661000,0 days 00:01:29.324000,0 days 00:01:29.305000,,,,,25.2,41.1,48.1,2.2,False
2026,9,British Grand Prix,Silverstone,Q,2026-07-05,30,LAW,lawson,Racing Bulls,rb,Liam,Lawson,https://media.formula1.com/d_driver_fallback_image.png/content/dam/fom-website/drivers/L/LIALAW01_Liam_Lawson/lialaw01.png.transform/1col/image.png,10.0,,,0 days 00:01:29.300000,0 days 00:01:29.429000,0 days 00:01:29.716000,,,,,25.2,41.1,48.1,2.2,False
2026,9,British Grand Prix,Silverstone,Q,2026-07-05,5,BOR,bortoleto,Audi,audi,Gabriel,Bortoleto,https://media.formula1.com/d_driver_fallback_image.png/content/dam/fom-website/drivers/G/GABBOR01_Gabriel_Bortoleto/gabbor01.png.transform/1col/image.png,11.0,,,0 days 00:01:30.269000,0 days 00:01:29.461000,,,,,,25.2,41.1,48.1,2.2,False
2026,9,British Grand Prix,Silverstone,Q,2026-07-05,10,GAS,gasly,Alpine,alpine,Pierre,Gasly,https://media.formula1.com/d_driver_fallback_image.png/content/dam/fom-website/drivers/P/PIEGAS01_Pierre_Gasly/piegas01.png.transform/1col/image.png,12.0,,,0 days 00:01:30.345000,0 days 00:01:30.063000,,,,,,25.2,41.1,48.1,2.2,False
2026,9,British Grand Prix,Silverstone,Q,2026-07-05,27,HUL,hulkenberg,Audi,audi,Nico,Hulkenberg,https://media.formula1.com/d_driver_fallback_image.png/content/dam/fom-website/drivers/N/NICHUL01_Nico_Hulkenberg/nichul01.png.transform/1col/image.png,13.0,,,0 days 00:01:29.539000,0 days 00:01:30.076000,,,,,,25.2,41.1,48.1,2.2,False
2026,9,British Grand Prix,Silverstone,Q,2026-07-05,87,BEA,bearman,Haas F1 Team,haas,Oliver,Bearman,https://media.formula1.com/d_driver_fallback_image.png/content/dam/fom-website/drivers/O/OLIBEA01_Oliver_Bearman/olibea01.png.transform/1col/image.png,14.0,,,0 days 00:01:30.570000,0 days 00:01:30.501000,,,,,,25.2,41.1,48.1,2.2,False
2026,9,British Grand Prix,Silverstone,Q,2026-07-05,55,SAI,sainz,Williams,williams,Carlos,Sainz,https://media.formula1.com/d_driver_fallback_image.png/content/dam/fom-website/drivers/C/CARSAI01_Carlos_Sainz/carsai01.png.transform/1col/image.png,15.0,,,0 days 00:01:30.562000,0 days 00:01:30.623000,,,,,,25.2,41.1,48.1,2.2,False
2026,9,British Grand Prix,Silverstone,Q,2026-07-05,23,ALB,albon,Williams,williams,Alexander,Albon,https://media.formula1.com/d_driver_fallback_image.png/content/dam/fom-website/drivers/A/ALEALB01_Alexander_Albon/alealb01.png.transform/1col/image.png,16.0,,,0 days 00:01:30.638000,0 days 00:01:31.341000,,,,,,25.2,41.1,48.1,2.2,False
2026,9,British Grand Prix,Silverstone,Q,2026-07-05,31,OCO,ocon,Haas F1 Team,haas,Esteban,Ocon,https://media.formula1.com/d_driver_fallback_image.png/content/dam/fom-website/drivers/E/ESTOCO01_Esteban_Ocon/estoco01.png.transform/1col/image.png,17.0,,,0 days 00:01:30.680000,,,,,,,25.2,41.1,48.1,2.2,False
2026,9,British Grand Prix,Silverstone,Q,2026-07-05,77,BOT,bottas,Cadillac,cadillac,Valtteri,Bottas,https://media.formula1.com/d_driver_fallback_image.png/content/dam/fom-website/drivers/V/VALBOT01_Valtteri_Bottas/valbot01.png.transform/1col/image.png,18.0,,,0 days 00:01:31.227000,,,,,,,25.2,41.1,48.1,2.2,False
2026,9,British Grand Prix,Silverstone,Q,2026-07-05,43,COL,colapinto,Alpine,alpine,Franco,Colapinto,https://media.formula1.com/d_driver_fallback_image.png/content/dam/fom-website/drivers/F/FRACOL01_Franco_Colapinto/fracol01.png.transform/1col/image.png,19.0,,,0 days 00:01:31.321000,,,,,,,25.2,41.1,48.1,2.2,False
2026,9,British Grand Prix,Silverstone,Q,2026-07-05,11,PER,perez,Cadillac,cadillac,Sergio,Perez,https://media.formula1.com/d_driver_fallback_image.png/content/dam/fom-website/drivers/S/SERPER01_Sergio_Perez/serper01.png.transform/1col/image.png,20.0,,,0 days 00:01:31.451000,,,,,,,25.2,41.1,48.1,2.2,False
2026,9,British Grand Prix,Silverstone,Q,2026-07-05,18,STR,stroll,Aston Martin,aston_martin,Lance,Stroll,https://media.formula1.com/d_driver_fallback_image.png/content/dam/fom-website/drivers/L/LANSTR01_Lance_Stroll/lanstr01.png.transform/1col/image.png,21.0,,,0 days 00:01:32.863000,,,,,,,25.2,41.1,48.1,2.2,False
2026,9,British Grand Prix,Silverstone,Q,2026-07-05,14,ALO,alonso,Aston Martin,aston_martin,Fernando,Alonso,https://media.formula1.com/d_driver_fallback_image.png/content/dam/fom-website/drivers/F/FERALO01_Fernando_Alonso/feralo01.png.transform/1col/image.png,22.0,,,0 days 00:01:33.025000,,,,,,,25.2,41.1,48.1,2.2,False
2026,10,Belgian Grand Prix,Spa-Francorchamps,Q,2026-07-19,12,ANT,antonelli,Mercedes,mercedes,Kimi,Antonelli,https://media.formula1.com/d_driver_fallback_image.png/content/dam/fom-website/drivers/K/ANDANT01_Kimi_Antonelli/andant01.png.transform/1col/image.png,1.0,,,0 days 00:01:46.304000,0 days 00:01:45.142000,0 days 00:01:44.361000,,,,,21.1,36.1,55.5,2.8,False
2026,10,Belgian Grand Prix,Spa-Francorchamps,Q,2026-07-19,3,VER,max_verstappen,Red Bull Racing,red_bull,Max,Verstappen,https://media.formula1.com/d_driver_fallback_image.png/content/dam/fom-website/drivers/M/MAXVER01_Max_Verstappen/maxver01.png.transform/1col/image.png,2.0,,,0 days 00:01:45.930000,0 days 00:01:45.589000,0 days 00:01:44.678000,,,,,21.1,36.1,55.5,2.8,False
2026,10,Belgian Grand Prix,Spa-Francorchamps,Q,2026-07-19,1,NOR,norris,McLaren,mclaren,Lando,Norris,https://media.formula1.com/d_driver_fallback_image.png/content/dam/fom-website/drivers/L/LANNOR01_Lando_Norris/lannor01.png.transform/1col/image.png,3.0,,,0 days 00:01:45.865000,0 days 00:01:45.454000,0 days 00:01:44.801000,,,,,21.1,36.1,55.5,2.8,False
2026,10,Belgian Grand Prix,Spa-Francorchamps,Q,2026-07-19,63,RUS,russell,Mercedes,mercedes,George,Russell,https://media.formula1.com/d_driver_fallback_image.png/content/dam/fom-website/drivers/G/GEORUS01_George_Russell/georus01.png.transform/1col/image.png,4.0,,,0 days 00:01:46.185000,0 days 00:01:45.689000,0 days 00:01:44.869000,,,,,21.1,36.1,55.5,2.8,False
2026,10,Belgian Grand Prix,Spa-Francorchamps,Q,2026-07-19,16,LEC,leclerc,Ferrari,ferrari,Charles,Leclerc,https://media.formula1.com/d_driver_fallback_image.png/content/dam/fom-website/drivers/C/CHALEC01_Charles_Leclerc/chalec01.png.transform/1col/image.png,5.0,,,0 days 00:01:46.278000,0 days 00:01:45.397000,0 days 00:01:44.893000,,,,,21.1,36.1,55.5,2.8,False
2026,10,Belgian Grand Prix,Spa-Francorchamps,Q,2026-07-19,44,HAM,hamilton,Ferrari,ferrari,Lewis,Hamilton,https://media.formula1.com/d_driver_fallback_image.png/content/dam/fom-website/drivers/L/LEWHAM01_Lewis_Hamilton/lewham01.png.transform/1col/image.png,6.0,,,0 days 00:01:46.124000,0 days 00:01:45.543000,0 days 00:01:44.895000,,,,,21.1,36.1,55.5,2.8,False
2026,10,Belgian Grand Prix,Spa-Francorchamps,Q,2026-07-19,81,PIA,piastri,McLaren,mclaren,Oscar,Piastri,https://media.formula1.com/d_driver_fallback_image.png/content/dam/fom-website/drivers/O/OSCPIA01_Oscar_Piastri/oscpia01.png.transform/1col/image.png,7.0,,,0 days 00:01:46.433000,0 days 00:01:45.671000,0 days 00:01:45.016000,,,,,21.1,36.1,55.5,2.8,False
2026,10,Belgian Grand Prix,Spa-Francorchamps,Q,2026-07-19,41,LIN,arvid_lindblad,Racing Bulls,rb,Arvid,Lindblad,https://media.formula1.com/d_driver_fallback_image.png/content/dam/fom-website/drivers/A/ARVLIN01_Arvid_Lindblad/arvlin01.png.transform/1col/image.png,8.0,,,0 days 00:01:46.191000,0 days 00:01:45.629000,0 days 00:01:45.143000,,,,,21.1,36.1,55.5,2.8,False
2026,10,Belgian Grand Prix,Spa-Francorchamps,Q,2026-07-19,5,BOR,bortoleto,Audi,audi,Gabriel,Bortoleto,https://media.formula1.com/d_driver_fallback_image.png/content/dam/fom-website/drivers/G/GABBOR01_Gabriel_Bortoleto/gabbor01.png.transform/1col/image.png,9.0,,,0 days 00:01:46.609000,0 days 00:01:46.082000,0 days 00:01:45.628000,,,,,21.1,36.1,55.5,2.8,False
2026,10,Belgian Grand Prix,Spa-Francorchamps,Q,2026-07-19,6,HAD,hadjar,Red Bull Racing,red_bull,Isack,Hadjar,https://media.formula1.com/d_driver_fallback_image.png/content/dam/fom-website/drivers/I/ISAHAD01_Isack_Hadjar/isahad01.png.transform/1col/image.png,10.0,,,0 days 00:01:46.062000,0 days 00:01:45.823000,,,,,,21.1,36.1,55.5,2.8,False
2026,10,Belgian Grand Prix,Spa-Francorchamps,Q,2026-07-19,30,LAW,lawson,Racing Bulls,rb,Liam,Lawson,https://media.formula1.com/d_driver_fallback_image.png/content/dam/fom-website/drivers/L/LIALAW01_Liam_Lawson/lialaw01.png.transform/1col/image.png,11.0,,,0 days 00:01:46.501000,0 days 00:01:46.120000,,,,,,21.1,36.1,55.5,2.8,False
2026,10,Belgian Grand Prix,Spa-Francorchamps,Q,2026-07-19,10,GAS,gasly,Alpine,alpine,Pierre,Gasly,https://media.formula1.com/d_driver_fallback_image.png/content/dam/fom-website/drivers/P/PIEGAS01_Pierre_Gasly/piegas01.png.transform/1col/image.png,12.0,,,0 days 00:01:46.679000,0 days 00:01:46.331000,,,,,,21.1,36.1,55.5,2.8,False
2026,10,Belgian Grand Prix,Spa-Francorchamps,Q,2026-07-19,43,COL,colapinto,Alpine,alpine,Franco,Colapinto,https://media.formula1.com/d_driver_fallback_image.png/content/dam/fom-website/drivers/F/FRACOL01_Franco_Colapinto/fracol01.png.transform/1col/image.png,13.0,,,0 days 00:01:46.795000,0 days 00:01:46.392000,,,,,,21.1,36.1,55.5,2.8,False
2026,10,Belgian Grand Prix,Spa-Francorchamps,Q,2026-07-19,27,HUL,hulkenberg,Audi,audi,Nico,Hulkenberg,https://media.formula1.com/d_driver_fallback_image.png/content/dam/fom-website/drivers/N/NICHUL01_Nico_Hulkenberg/nichul01.png.transform/1col/image.png,14.0,,,0 days 00:01:46.893000,0 days 00:01:46.671000,,,,,,21.1,36.1,55.5,2.8,False
2026,10,Belgian Grand Prix,Spa-Francorchamps,Q,2026-07-19,55,SAI,sainz,Williams,williams,Carlos,Sainz,https://media.formula1.com/d_driver_fallback_image.png/content/dam/fom-website/drivers/C/CARSAI01_Carlos_Sainz/carsai01.png.transform/1col/image.png,15.0,,,0 days 00:01:47.080000,0 days 00:01:46.777000,,,,,,21.1,36.1,55.5,2.8,False
2026,10,Belgian Grand Prix,Spa-Francorchamps,Q,2026-07-19,87,BEA,bearman,Haas F1 Team,haas,Oliver,Bearman,https://media.formula1.com/d_driver_fallback_image.png/content/dam/fom-website/drivers/O/OLIBEA01_Oliver_Bearman/olibea01.png.transform/1col/image.png,16.0,,,0 days 00:01:47.113000,0 days 00:01:46.779000,,,,,,21.1,36.1,55.5,2.8,False
2026,10,Belgian Grand Prix,Spa-Francorchamps,Q,2026-07-19,23,ALB,albon,Williams,williams,Alexander,Albon,https://media.formula1.com/d_driver_fallback_image.png/content/dam/fom-website/drivers/A/ALEALB01_Alexander_Albon/alealb01.png.transform/1col/image.png,17.0,,,0 days 00:01:47.120000,,,,,,,21.1,36.1,55.5,2.8,False
2026,10,Belgian Grand Prix,Spa-Francorchamps,Q,2026-07-19,31,OCO,ocon,Haas F1 Team,haas,Esteban,Ocon,https://media.formula1.com/d_driver_fallback_image.png/content/dam/fom-website/drivers/E/ESTOCO01_Esteban_Ocon/estoco01.png.transform/1col/image.png,18.0,,,0 days 00:01:47.801000,,,,,,,21.1,36.1,55.5,2.8,False
2026,10,Belgian Grand Prix,Spa-Francorchamps,Q,2026-07-19,77,BOT,bottas,Cadillac,cadillac,Valtteri,Bottas,https://media.formula1.com/d_driver_fallback_image.png/content/dam/fom-website/drivers/V/VALBOT01_Valtteri_Bottas/valbot01.png.transform/1col/image.png,19.0,,,0 days 00:01:47.823000,,,,,,,21.1,36.1,55.5,2.8,False
2026,10,Belgian Grand Prix,Spa-Francorchamps,Q,2026-07-19,11,PER,perez,Cadillac,cadillac,Sergio,Perez,https://media.formula1.com/d_driver_fallback_image.png/content/dam/fom-website/drivers/S/SERPER01_Sergio_Perez/serper01.png.transform/1col/image.png,20.0,,,0 days 00:01:47.971000,,,,,,,21.1,36.1,55.5,2.8,False
2026,10,Belgian Grand Prix,Spa-Francorchamps,Q,2026-07-19,14,ALO,alonso,Aston Martin,aston_martin,Fernando,Alonso,https://media.formula1.com/d_driver_fallback_image.png/content/dam/fom-website/drivers/F/FERALO01_Fernando_Alonso/feralo01.png.transform/1col/image.png,21.0,,,0 days 00:01:50.002000,,,,,,,21.1,36.1,55.5,2.8,False
2026,10,Belgian Grand Prix,Spa-Francorchamps,Q,2026-07-19,18,STR,stroll,Aston Martin,aston_martin,Lance,Stroll,https://media.formula1.com/d_driver_fallback_image.png/content/dam/fom-website/drivers/L/LANSTR01_Lance_Stroll/lanstr01.png.transform/1col/image.png,22.0,,,0 days 00:01:50.177000,,,,,,,21.1,36.1,55.5,2.8,False
2026,11,Hungarian Grand Prix,Budapest,Q,2026-07-26,1,NOR,norris,McLaren,mclaren,Lando,Norris,https://media.formula1.com/d_driver_fallback_image.png/content/dam/fom-website/drivers/L/LANNOR01_Lando_Norris/lannor01.png.transform/1col/image.png,1.0,,,0 days 00:01:18.277000,0 days 00:01:17.456000,0 days 00:01:17.207000,,,,,26.8,46.4,23.2,1.8,False
2026,11,Hungarian Grand Prix,Budapest,Q,2026-07-26,44,HAM,hamilton,Ferrari,ferrari,Lewis,Hamilton,https://media.formula1.com/d_driver_fallback_image.png/content/dam/fom-website/drivers/L/LEWHAM01_Lewis_Hamilton/lewham01.png.transform/1col/image.png,2.0,,,0 days 00:01:18.730000,0 days 00:01:17.803000,0 days 00:01:17.219000,,,,,26.8,46.4,23.2,1.8,False
2026,11,Hungarian Grand Prix,Budapest,Q,2026-07-26,16,LEC,leclerc,Ferrari,ferrari,Charles,Leclerc,https://media.formula1.com/d_driver_fallback_image.png/content/dam/fom-website/drivers/C/CHALEC01_Charles_Leclerc/chalec01.png.transform/1col/image.png,3.0,,,0 days 00:01:18.984000,0 days 00:01:17.626000,0 days 00:01:17.445000,,,,,26.8,46.4,23.2,1.8,False
2026,11,Hungarian Grand Prix,Budapest,Q,2026-07-26,12,ANT,antonelli,Mercedes,mercedes,Kimi,Antonelli,https://media.formula1.com/d_driver_fallback_image.png/content/dam/fom-website/drivers/K/ANDANT01_Kimi_Antonelli/andant01.png.transform/1col/image.png,4.0,,,0 days 00:01:18.726000,0 days 00:01:18.393000,0 days 00:01:17.479000,,,,,26.8,46.4,23.2,1.8,False
2026,11,Hungarian Grand Prix,Budapest,Q,2026-07-26,81,PIA,piastri,McLaren,mclaren,Oscar,Piastri,https://media.formula1.com/d_driver_fallback_image.png/content/dam/fom-website/drivers/O/OSCPIA01_Oscar_Piastri/oscpia01.png.transform/1col/image.png,5.0,,,0 days 00:01:18.891000,0 days 00:01:17.928000,0 days 00:01:17.684000,,,,,26.8,46.4,23.2,1.8,False
2026,11,Hungarian Grand Prix,Budapest,Q,2026-07-26,3,VER,max_verstappen,Red Bull Racing,red_bull,Max,Verstappen,https://media.formula1.com/d_driver_fallback_image.png/content/dam/fom-website/drivers/M/MAXVER01_Max_Verstappen/maxver01.png.transform/1col/image.png,6.0,,,0 days 00:01:18.656000,0 days 00:01:18.249000,0 days 00:01:17.725000,,,,,26.8,46.4,23.2,1.8,False
2026,11,Hungarian Grand Prix,Budapest,Q,2026-07-26,63,RUS,russell,Mercedes,mercedes,George,Russell,https://media.formula1.com/d_driver_fallback_image.png/content/dam/fom-website/drivers/G/GEORUS01_George_Russell/georus01.png.transform/1col/image.png,7.0,,,0 days 00:01:18.856000,0 days 00:01:18.445000,0 days 00:01:17.760000,,,,,26.8,46.4,23.2,1.8,False
2026,11,Hungarian Grand Prix,Budapest,Q,2026-07-26,6,HAD,hadjar,Red Bull Racing,red_bull,Isack,Hadjar,https://media.formula1.com/d_driver_fallback_image.png/content/dam/fom-website/drivers/I/ISAHAD01_Isack_Hadjar/isahad01.png.transform/1col/image.png,8.0,,,0 days 00:01:18.754000,0 days 00:01:17.872000,0 days 00:01:17.856000,,,,,26.8,46.4,23.2,1.8,False
2026,11,Hungarian Grand Prix,Budapest,Q,2026-07-26,41,LIN,arvid_lindblad,Racing Bulls,rb,Arvid,Lindblad,https://media.formula1.com/d_driver_fallback_image.png/content/dam/fom-website/drivers/A/ARVLIN01_Arvid_Lindblad/arvlin01.png.transform/1col/image.png,9.0,,,0 days 00:01:19.233000,0 days 00:01:18.360000,0 days 00:01:18.281000,,,,,26.8,46.4,23.2,1.8,False
2026,11,Hungarian Grand Prix,Budapest,Q,2026-07-26,27,HUL,hulkenberg,Audi,audi,Nico,Hulkenberg,https://media.formula1.com/d_driver_fallback_image.png/content/dam/fom-website/drivers/N/NICHUL01_Nico_Hulkenberg/nichul01.png.transform/1col/image.png,10.0,,,0 days 00:01:18.796000,0 days 00:01:18.639000,0 days 00:01:18.686000,,,,,26.8,46.4,23.2,1.8,False
2026,11,Hungarian Grand Prix,Budapest,Q,2026-07-26,30,LAW,lawson,Racing Bulls,rb,Liam,Lawson,https://media.formula1.com/d_driver_fallback_image.png/content/dam/fom-website/drivers/L/LIALAW01_Liam_Lawson/lialaw01.png.transform/1col/image.png,11.0,,,0 days 00:01:19.161000,0 days 00:01:18.765000,,,,,,26.8,46.4,23.2,1.8,False
2026,11,Hungarian Grand Prix,Budapest,Q,2026-07-26,10,GAS,gasly,Alpine,alpine,Pierre,Gasly,https://media.formula1.com/d_driver_fallback_image.png/content/dam/fom-website/drivers/P/PIEGAS01_Pierre_Gasly/piegas01.png.transform/1col/image.png,12.0,,,0 days 00:01:19.741000,0 days 00:01:18.844000,,,,,,26.8,46.4,23.2,1.8,False
2026,11,Hungarian Grand Prix,Budapest,Q,2026-07-26,43,COL,colapinto,Alpine,alpine,Franco,Colapinto,https://media.formula1.com/d_driver_fallback_image.png/content/dam/fom-website/drivers/F/FRACOL01_Franco_Colapinto/fracol01.png.transform/1col/image.png,13.0,,,0 days 00:01:19.771000,0 days 00:01:19.027000,,,,,,26.8,46.4,23.2,1.8,False
2026,11,Hungarian Grand Prix,Budapest,Q,2026-07-26,5,BOR,bortoleto,Audi,audi,Gabriel,Bortoleto,https://media.formula1.com/d_driver_fallback_image.png/content/dam/fom-website/drivers/G/GABBOR01_Gabriel_Bortoleto/gabbor01.png.transform/1col/image.png,14.0,,,0 days 00:01:19.069000,0 days 00:01:19.105000,,,,,,26.8,46.4,23.2,1.8,False
2026,11,Hungarian Grand Prix,Budapest,Q,2026-07-26,31,OCO,ocon,Haas F1 Team,haas,Esteban,Ocon,https://media.formula1.com/d_driver_fallback_image.png/content/dam/fom-website/drivers/E/ESTOCO01_Esteban_Ocon/estoco01.png.transform/1col/image.png,15.0,,,0 days 00:01:20.010000,0 days 00:01:19.734000,,,,,,26.8,46.4,23.2,1.8,False
2026,11,Hungarian Grand Prix,Budapest,Q,2026-07-26,14,ALO,alonso,Aston Martin,aston_martin,Fernando,Alonso,https://media.formula1.com/d_driver_fallback_image.png/content/dam/fom-website/drivers/F/FERALO01_Fernando_Alonso/feralo01.png.transform/1col/image.png,16.0,,,0 days 00:01:20.126000,0 days 00:01:19.808000,,,,,,26.8,46.4,23.2,1.8,False
2026,11,Hungarian Grand Prix,Budapest,Q,2026-07-26,87,BEA,bearman,Haas F1 Team,haas,Oliver,Bearman,https://media.formula1.com/d_driver_fallback_image.png/content/dam/fom-website/drivers/O/OLIBEA01_Oliver_Bearman/olibea01.png.transform/1col/image.png,17.0,,,0 days 00:01:20.233000,,,,,,,26.8,46.4,23.2,1.8,False
2026,11,Hungarian Grand Prix,Budapest,Q,2026-07-26,55,SAI,sainz,Williams,williams,Carlos,Sainz,https://media.formula1.com/d_driver_fallback_image.png/content/dam/fom-website/drivers/C/CARSAI01_Carlos_Sainz/carsai01.png.transform/1col/image.png,18.0,,,0 days 00:01:20.621000,,,,,,,26.8,46.4,23.2,1.8,False
2026,11,Hungarian Grand Prix,Budapest,Q,2026-07-26,23,ALB,albon,Williams,williams,Alexander,Albon,https://media.formula1.com/d_driver_fallback_image.png/content/dam/fom-website/drivers/A/ALEALB01_Alexander_Albon/alealb01.png.transform/1col/image.png,19.0,,,0 days 00:01:20.658000,,,,,,,26.8,46.4,23.2,1.8,False
2026,11,Hungarian Grand Prix,Budapest,Q,2026-07-26,18,STR,stroll,Aston Martin,aston_martin,Lance,Stroll,https://media.formula1.com/d_driver_fallback_image.png/content/dam/fom-website/drivers/L/LANSTR01_Lance_Stroll/lanstr01.png.transform/1col/image.png,20.0,,,0 days 00:01:20.659000,,,,,,,26.8,46.4,23.2,1.8,False
2026,11,Hungarian Grand Prix,Budapest,Q,2026-07-26,77,BOT,bottas,Cadillac,cadillac,Valtteri,Bottas,https://media.formula1.com/d_driver_fallback_image.png/content/dam/fom-website/drivers/V/VALBOT01_Valtteri_Bottas/valbot01.png.transform/1col/image.png,21.0,,,0 days 00:01:20.886000,,,,,,,26.8,46.4,23.2,1.8,False
2026,11,Hungarian Grand Prix,Budapest,Q,2026-07-26,11,PER,perez,Cadillac,cadillac,Sergio,Perez,https://media.formula1.com/d_driver_fallback_image.png/content/dam/fom-website/drivers/S/SERPER01_Sergio_Perez/serper01.png.transform/1col/image.png,22.0,,,0 days 00:01:21.322000,,,,,,,26.8,46.4,23.2,1.8,False
2026,12,Dutch Grand Prix,Zandvoort,Q,2026-08-23,1,NOR,norris,McLaren,mclaren,Lando,Norris,https://media.formula1.com/d_driver_fallback_image.png/content/dam/fom-website/drivers/L/LANNOR01_Lando_Norris/lannor01.png.transform/1col/image.png,1.0,,,0 days 00:01:12.695000,0 days 00:01:11.628000,0 days 00:01:11.163000,,,,,18.1,32.5,57.6,2.5,True
2026,12,Dutch Grand Prix,Zandvoort,Q,2026-08-23,63,RUS,russell,Mercedes,mercedes,George,Russell,https://media.formula1.com/d_driver_fallback_image.png/content/dam/fom-website/drivers/G/GEORUS01_George_Russell/georus01.png.transform/1col/image.png,2.0,,,0 days 00:01:12.924000,0 days 00:01:11.959000,0 days 00:01:11.265000,,,,,18.1,32.5,57.6,2.5,True
2026,12,Dutch Grand Prix,Zandvoort,Q,2026-08-23,12,ANT,antonelli,Mercedes,mercedes,Kimi,Antonelli,https://media.formula1.com/d_driver_fallback_image.png/content/dam/fom-website/drivers/K/ANDANT01_Kimi_Antonelli/andant01.png.transform/1col/image.png,3.0,,,0 days 00:01:13.022000,0 days 00:01:11.915000,0 days 00:01:11.296000,,,,,18.1,32.5,57.6,2.5,True
2026,12,Dutch Grand Prix,Zandvoort,Q,2026-08-23,81,PIA,piastri,McLaren,mclaren,Oscar,Piastri,https://media.formula1.com/d_driver_fallback_image.png/content/dam/fom-website/drivers/O/OSCPIA01_Oscar_Piastri/oscpia01.png.transform/1col/image.png,4.0,,,0 days 00:01:12.610000,0 days 00:01:11.641000,0 days 00:01:11.305000,,,,,18.1,32.5,57.6,2.5,True
2026,12,Dutch Grand Prix,Zandvoort,Q,2026-08-23,44,HAM,hamilton,Ferrari,ferrari,Lewis,Hamilton,https://media.formula1.com/d_driver_fallback_image.png/content/dam/fom-website/drivers/L/LEWHAM01_Lewis_Hamilton/lewham01.png.transform/1col/image.png,5.0,,,0 days 00:01:12.673000,0 days 00:01:11.970000,0 days 00:01:11.494000,,,,,18.1,32.5,57.6,2.5,True
2026,12,Dutch Grand Prix,Zandvoort,Q,2026-08-23,16,LEC,leclerc,Ferrari,ferrari,Charles,Leclerc,https://media.formula1.com/d_driver_fallback_image.png/content/dam/fom-website/drivers/C/CHALEC01_Charles_Leclerc/chalec01.png.transform/1col/image.png,6.0,,,0 days 00:01:13.064000,0 days 00:01:11.910000,0 days 00:01:11.558000,,,,,18.1,32.5,57.6,2.5,True
2026,12,Dutch Grand Prix,Zandvoort,Q,2026-08-23,3,VER,max_verstappen,Red Bull Racing,red_bull,Max,Verstappen,https://media.formula1.com/d_driver_fallback_image.png/content/dam/fom-website/drivers/M/MAXVER01_Max_Verstappen/maxver01.png.transform/1col/image.png,7.0,,,0 days 00:01:13.290000,0 days 00:01:11.874000,0 days 00:01:11.618000,,,,,18.1,32.5,57.6,2.5,True
2026,12,Dutch Grand Prix,Zandvoort,Q,2026-08-23,30,LAW,lawson,Red Bull Racing,red_bull,Liam,Lawson,https://media.formula1.com/d_driver_fallback_image.png/content/dam/fom-website/drivers/L/LIALAW01_Liam_Lawson/lialaw01.png.transform/1col/image.png,8.0,,,0 days 00:01:13.392000,0 days 00:01:12.301000,0 days 00:01:11.733000,,,,,18.1,32.5,57.6,2.5,True
2026,12,Dutch Grand Prix,Zandvoort,Q,2026-08-23,5,BOR,bortoleto,Audi,audi,Gabriel,Bortoleto,https://media.formula1.com/d_driver_fallback_image.png/content/dam/fom-website/drivers/G/GABBOR01_Gabriel_Bortoleto/gabbor01.png.transform/1col/image.png,9.0,,,0 days 00:01:13.142000,0 days 00:01:12.433000,0 days 00:01:12.079000,,,,,18.1,32.5,57.6,2.5,True
2026,12,Dutch Grand Prix,Zandvoort,Q,2026-08-23,41,LIN,arvid_lindblad,Racing Bulls,rb,Arvid,Lindblad,https://media.formula1.com/d_driver_fallback_image.png/content/dam/fom-website/drivers/A/ARVLIN01_Arvid_Lindblad/arvlin01.png.transform/1col/image.png,10.0,,,0 days 00:01:13.074000,0 days 00:01:12.525000,0 days 00:01:12.185000,,,,,18.1,32.5,57.6,2.5,True
2026,12,Dutch Grand Prix,Zandvoort,Q,2026-08-23,10,GAS,gasly,Alpine,alpine,Pierre,Gasly,https://media.formula1.com/d_driver_fallback_image.png/content/dam/fom-website/drivers/P/PIEGAS01_Pierre_Gasly/piegas01.png.transform/1col/image.png,11.0,,,0 days 00:01:13.115000,0 days 00:01:12.616000,,,,,,18.1,32.5,57.6,2.5,True
2026,12,Dutch Grand Prix,Zandvoort,Q,2026-08-23,22,TSU,tsunoda,Racing Bulls,rb,Yuki,Tsunoda,None,12.0,,,0 days 00:01:13.085000,0 days 00:01:12.627000,,,,,,18.1,32.5,57.6,2.5,True
2026,12,Dutch Grand Prix,Zandvoort,Q,2026-08-23,27,HUL,hulkenberg,Audi,audi,Nico,Hulkenberg,https://media.formula1.com/d_driver_fallback_image.png/content/dam/fom-website/drivers/N/NICHUL01_Nico_Hulkenberg/nichul01.png.transform/1col/image.png,13.0,,,0 days 00:01:13.188000,0 days 00:01:12.797000,,,,,,18.1,32.5,57.6,2.5,True
2026,12,Dutch Grand Prix,Zandvoort,Q,2026-08-23,43,COL,colapinto,Alpine,alpine,Franco,Colapinto,https://media.formula1.com/d_driver_fallback_image.png/content/dam/fom-website/drivers/F/FRACOL01_Franco_Colapinto/fracol01.png.transform/1col/image.png,14.0,,,0 days 00:01:13.322000,0 days 00:01:12.800000,,,,,,18.1,32.5,57.6,2.5,True
2026,12,Dutch Grand Prix,Zandvoort,Q,2026-08-23,31,OCO,ocon,Haas F1 Team,haas,Esteban,Ocon,https://media.formula1.com/d_driver_fallback_image.png/content/dam/fom-website/drivers/E/ESTOCO01_Esteban_Ocon/estoco01.png.transform/1col/image.png,15.0,,,0 days 00:01:13.544000,0 days 00:01:13.137000,,,,,,18.1,32.5,57.6,2.5,True
2026,12,Dutch Grand Prix,Zandvoort,Q,2026-08-23,23,ALB,albon,Williams,williams,Alexander,Albon,https://media.formula1.com/d_driver_fallback_image.png/content/dam/fom-website/drivers/A/ALEALB01_Alexander_Albon/alealb01.png.transform/1col/image.png,16.0,,,0 days 00:01:13.552000,0 days 00:01:13.182000,,,,,,18.1,32.5,57.6,2.5,True
2026,12,Dutch Grand Prix,Zandvoort,Q,2026-08-23,55,SAI,sainz,Williams,williams,Carlos,Sainz,https://media.formula1.com/d_driver_fallback_image.png/content/dam/fom-website/drivers/C/CARSAI01_Carlos_Sainz/carsai01.png.transform/1col/image.png,17.0,,,0 days 00:01:13.574000,,,,,,,18.1,32.5,57.6,2.5,True
2026,12,Dutch Grand Prix,Zandvoort,Q,2026-08-23,14,ALO,alonso,Aston Martin,aston_martin,Fernando,Alonso,https://media.formula1.com/d_driver_fallback_image.png/content/dam/fom-website/drivers/F/FERALO01_Fernando_Alonso/feralo01.png.transform/1col/image.png,18.0,,,0 days 00:01:13.650000,,,,,,,18.1,32.5,57.6,2.5,True
2026,12,Dutch Grand Prix,Zandvoort,Q,2026-08-23,18,STR,stroll,Aston Martin,aston_martin,Lance,Stroll,https://media.formula1.com/d_driver_fallback_image.png/content/dam/fom-website/drivers/L/LANSTR01_Lance_Stroll/lanstr01.png.transform/1col/image.png,19.0,,,0 days 00:01:13.818000,,,,,,,18.1,32.5,57.6,2.5,True
2026,12,Dutch Grand Prix,Zandvoort,Q,2026-08-23,87,BEA,bearman,Haas F1 Team,haas,Oliver,Bearman,https://media.formula1.com/d_driver_fallback_image.png/content/dam/fom-website/drivers/O/OLIBEA01_Oliver_Bearman/olibea01.png.transform/1col/image.png,20.0,,,0 days 00:01:13.826000,,,,,,,18.1,32.5,57.6,2.5,True
2026,12,Dutch Grand Prix,Zandvoort,Q,2026-08-23,77,BOT,bottas,Cadillac,cadillac,Valtteri,Bottas,https://media.formula1.com/d_driver_fallback_image.png/content/dam/fom-website/drivers/V/VALBOT01_Valtteri_Bottas/valbot01.png.transform/1col/image.png,21.0,,,0 days 00:01:14.371000,,,,,,,18.1,32.5,57.6,2.5,True
2026,12,Dutch Grand Prix,Zandvoort,Q,2026-08-23,11,PER,perez,Cadillac,cadillac,Sergio,Perez,https://media.formula1.com/d_driver_fallback_image.png/content/dam/fom-website/drivers/S/SERPER01_Sergio_Perez/serper01.png.transform/1col/image.png,22.0,,,0 days 00:01:14.600000,,,,,,,18.1,32.5,57.6,2.5,True
2026,13,Italian Grand Prix,Monza,Q,2026-09-06,10,GAS,gasly,Alpine,alpine,Pierre,Gasly,https://media.formula1.com/d_driver_fallback_image.png/content/dam/fom-website/drivers/P/PIEGAS01_Pierre_Gasly/piegas01.png.transform/1col/image.png,1.0,,,0 days 00:01:22.612000,0 days 00:01:22.077000,0 days 00:01:21.786000,,,,,34.0,53.8,34.3,1.3,False
2026,13,Italian Grand Prix,Monza,Q,2026-09-06,63,RUS,russell,Mercedes,mercedes,George,Russell,https://media.formula1.com/d_driver_fallback_image.png/content/dam/fom-website/drivers/G/GEORUS01_George_Russell/georus01.png.transform/1col/image.png,2.0,,,0 days 00:01:22.779000,0 days 00:01:22.161000,0 days 00:01:21.846000,,,,,34.0,53.8,34.3,1.3,False
2026,13,Italian Grand Prix,Monza,Q,2026-09-06,81,PIA,piastri,McLaren,mclaren,Oscar,Piastri,https://media.formula1.com/d_driver_fallback_image.png/content/dam/fom-website/drivers/O/OSCPIA01_Oscar_Piastri/oscpia01.png.transform/1col/image.png,3.0,,,0 days 00:01:22.924000,0 days 00:01:22.017000,0 days 00:01:21.966000,,,,,34.0,53.8,34.3,1.3,False
2026,13,Italian Grand Prix,Monza,Q,2026-09-06,16,LEC,leclerc,Ferrari,ferrari,Charles,Leclerc,https://media.formula1.com/d_driver_fallback_image.png/content/dam/fom-website/drivers/C/CHALEC01_Charles_Leclerc/chalec01.png.transform/1col/image.png,4.0,,,0 days 00:01:22.902000,0 days 00:01:22.509000,0 days 00:01:22.004000,,,,,34.0,53.8,34.3,1.3,False
2026,13,Italian Grand Prix,Monza,Q,2026-09-06,44,HAM,hamilton,Ferrari,ferrari,Lewis,Hamilton,https://media.formula1.com/d_driver_fallback_image.png/content/dam/fom-website/drivers/L/LEWHAM01_Lewis_Hamilton/lewham01.png.transform/1col/image.png,5.0,,,0 days 00:01:22.847000,0 days 00:01:22.516000,0 days 00:01:22.011000,,,,,34.0,53.8,34.3,1.3,False
2026,13,Italian Grand Prix,Monza,Q,2026-09-06,3,VER,max_verstappen,Red Bull Racing,red_bull,Max,Verstappen,https://media.formula1.com/d_driver_fallback_image.png/content/dam/fom-website/drivers/M/MAXVER01_Max_Verstappen/maxver01.png.transform/1col/image.png,6.0,,,0 days 00:01:22.631000,0 days 00:01:22.188000,0 days 00:01:22.070000,,,,,34.0,53.8,34.3,1.3,False
2026,13,Italian Grand Prix,Monza,Q,2026-09-06,12,ANT,antonelli,Mercedes,mercedes,Kimi,Antonelli,https://media.formula1.com/d_driver_fallback_image.png/content/dam/fom-website/drivers/K/ANDANT01_Kimi_Antonelli/andant01.png.transform/1col/image.png,7.0,,,0 days 00:01:22.758000,0 days 00:01:21.882000,0 days 00:01:22.093000,,,,,34.0,53.8,34.3,1.3,False
2026,13,Italian Grand Prix,Monza,Q,2026-09-06,43,COL,colapinto,Alpine,alpine,Franco,Colapinto,https://media.formula1.com/d_driver_fallback_image.png/content/dam/fom-website/drivers/F/FRACOL01_Franco_Colapinto/fracol01.png.transform/1col/image.png,8.0,,,0 days 00:01:22.662000,0 days 00:01:22.400000,0 days 00:01:22.220000,,,,,34.0,53.8,34.3,1.3,False
2026,13,Italian Grand Prix,Monza,Q,2026-09-06,1,NOR,norris,McLaren,mclaren,Lando,Norris,https://media.formula1.com/d_driver_fallback_image.png/content/dam/fom-website/drivers/L/LANNOR01_Lando_Norris/lannor01.png.transform/1col/image.png,9.0,,,0 days 00:01:22.659000,0 days 00:01:22.067000,0 days 00:01:22.256000,,,,,34.0,53.8,34.3,1.3,False
2026,13,Italian Grand Prix,Monza,Q,2026-09-06,41,LIN,arvid_lindblad,Racing Bulls,rb,Arvid,Lindblad,https://media.formula1.com/d_driver_fallback_image.png/content/dam/fom-website/drivers/A/ARVLIN01_Arvid_Lindblad/arvlin01.png.transform/1col/image.png,10.0,,,0 days 00:01:22.727000,0 days 00:01:22.345000,0 days 00:01:22.286000,,,,,34.0,53.8,34.3,1.3,False
2026,13,Italian Grand Prix,Monza,Q,2026-09-06,5,BOR,bortoleto,Audi,audi,Gabriel,Bortoleto,https://media.formula1.com/d_driver_fallback_image.png/content/dam/fom-website/drivers/G/GABBOR01_Gabriel_Bortoleto/gabbor01.png.transform/1col/image.png,11.0,,,0 days 00:01:22.946000,0 days 00:01:22.517000,,,,,,34.0,53.8,34.3,1.3,False
2026,13,Italian Grand Prix,Monza,Q,2026-09-06,87,BEA,bearman,Haas F1 Team,haas,Oliver,Bearman,https://media.formula1.com/d_driver_fallback_image.png/content/dam/fom-website/drivers/O/OLIBEA01_Oliver_Bearman/olibea01.png.transform/1col/image.png,12.0,,,0 days 00:01:22.906000,0 days 00:01:22.756000,,,,,,34.0,53.8,34.3,1.3,False
2026,13,Italian Grand Prix,Monza,Q,2026-09-06,27,HUL,hulkenberg,Audi,audi,Nico,Hulkenberg,https://media.formula1.com/d_driver_fallback_image.png/content/dam/fom-website/drivers/N/NICHUL01_Nico_Hulkenberg/nichul01.png.transform/1col/image.png,13.0,,,0 days 00:01:23.440000,0 days 00:01:22.779000,,,,,,34.0,53.8,34.3,1.3,False
2026,13,Italian Grand Prix,Monza,Q,2026-09-06,30,LAW,lawson,Red Bull Racing,red_bull,Liam,Lawson,https://media.formula1.com/d_driver_fallback_image.png/content/dam/fom-website/drivers/L/LIALAW01_Liam_Lawson/lialaw01.png.transform/1col/image.png,14.0,,,0 days 00:01:22.989000,0 days 00:01:22.821000,,,,,,34.0,53.8,34.3,1.3,False
2026,13,Italian Grand Prix,Monza,Q,2026-09-06,55,SAI,sainz,Williams,williams,Carlos,Sainz,https://media.formula1.com/d_driver_fallback_image.png/content/dam/fom-website/drivers/C/CARSAI01_Carlos_Sainz/carsai01.png.transform/1col/image.png,15.0,,,0 days 00:01:23.616000,0 days 00:01:23.453000,,,,,,34.0,53.8,34.3,1.3,False
2026,13,Italian Grand Prix,Monza,Q,2026-09-06,31,OCO,ocon,Haas F1 Team,haas,Esteban,Ocon,https://media.formula1.com/d_driver_fallback_image.png/content/dam/fom-website/drivers/E/ESTOCO01_Esteban_Ocon/estoco01.png.transform/1col/image.png,16.0,,,0 days 00:01:23.466000,0 days 00:01:23.454000,,,,,,34.0,53.8,34.3,1.3,False
2026,13,Italian Grand Prix,Monza,Q,2026-09-06,22,TSU,tsunoda,Racing Bulls,rb,Yuki,Tsunoda,None,17.0,,,0 days 00:01:23.755000,,,,,,,34.0,53.8,34.3,1.3,False
2026,13,Italian Grand Prix,Monza,Q,2026-09-06,23,ALB,albon,Williams,williams,Alexander,Albon,https://media.formula1.com/d_driver_fallback_image.png/content/dam/fom-website/drivers/A/ALEALB01_Alexander_Albon/alealb01.png.transform/1col/image.png,18.0,,,0 days 00:01:24.356000,,,,,,,34.0,53.8,34.3,1.3,False
2026,13,Italian Grand Prix,Monza,Q,2026-09-06,77,BOT,bottas,Cadillac,cadillac,Valtteri,Bottas,https://media.formula1.com/d_driver_fallback_image.png/content/dam/fom-website/drivers/V/VALBOT01_Valtteri_Bottas/valbot01.png.transform/1col/image.png,19.0,,,0 days 00:01:24.364000,,,,,,,34.0,53.8,34.3,1.3,False
2026,13,Italian Grand Prix,Monza,Q,2026-09-06,11,PER,perez,Cadillac,cadillac,Sergio,Perez,https://media.formula1.com/d_driver_fallback_image.png/content/dam/fom-website/drivers/S/SERPER01_Sergio_Perez/serper01.png.transform/1col/image.png,20.0,,,0 days 00:01:24.595000,,,,,,,34.0,53.8,34.3,1.3,False
2026,13,Italian Grand Prix,Monza,Q,2026-09-06,14,ALO,alonso,Aston Martin,aston_martin,Fernando,Alonso,https://media.formula1.com/d_driver_fallback_image.png/content/dam/fom-website/drivers/F/FERALO01_Fernando_Alonso/feralo01.png.transform/1col/image.png,21.0,,,0 days 00:01:25.150000,,,,,,,34.0,53.8,34.3,1.3,False
2026,13,Italian Grand Prix,Monza,Q,2026-09-06,18,STR,stroll,Aston Martin,aston_martin,Lance,Stroll,https://media.formula1.com/d_driver_fallback_image.png/content/dam/fom-website/drivers/L/LANSTR01_Lance_Stroll/lanstr01.png.transform/1col/image.png,22.0,,,0 days 00:01:25.222000,,,,,,,34.0,53.8,34.3,1.3,False
