Season,BeforeRound,TeamName,Points,Position
2018,2,Ferrari,40.0,1
2018,2,Mercedes,22.0,2
2018,2,Red Bull Racing,20.0,3
2018,2,McLaren,12.0,4
2018,2,Renault,7.0,5
2018,2,Force India,0.0,6
2018,2,Sauber,0.0,6
2018,2,Williams,0.0,6
2018,2,Toro Rosso,0.0,6
2018,2,Haas F1 Team,0.0,6
2018,3,Ferrari,65.0,1
2018,3,Mercedes,55.0,2
2018,3,McLaren,22.0,3
2018,3,Red Bull Racing,20.0,4
2018,3,Renault,15.0,5
2018,3,Toro Rosso,12.0,6
2018,3,Haas F1 Team,10.0,7
2018,3,Sauber,2.0,8
2018,3,Force India,1.0,9
2018,3,Williams,0.0,10
2018,4,Mercedes,85.0,1
2018,4,Ferrari,84.0,2
2018,4,Red Bull Racing,55.0,3
2018,4,McLaren,28.0,4
2018,4,Renault,25.0,5
2018,4,Toro Rosso,12.0,6
2018,4,Haas F1 Team,11.0,7
2018,4,Sauber,2.0,8
2018,4,Force India,1.0,9
2018,4,Williams,0.0,10
2018,5,Ferrari,114.0,1
2018,5,Mercedes,110.0,2
2018,5,Red Bull Racing,55.0,3
2018,5,McLaren,36.0,4
2018,5,Renault,35.0,5
2018,5,Force India,16.0,6
2018,5,Toro Rosso,13.0,7
2018,5,Haas F1 Team,11.0,8
2018,5,Sauber,10.0,9
2018,5,Williams,4.0,10
2018,6,Mercedes,153.0,1
2018,6,Ferrari,126.0,2
2018,6,Red Bull Racing,80.0,3
2018,6,Renault,41.0,4
2018,6,McLaren,40.0,5
2018,6,Haas F1 Team,19.0,6
2018,6,Force India,18.0,7
2018,6,Toro Rosso,13.0,8
2018,6,Sauber,11.0,9
2018,6,Williams,4.0,10
2018,7,Mercedes,178.0,1
2018,7,Ferrari,156.0,2
2018,7,Red Bull Racing,107.0,3
2018,7,Renault,46.0,4
2018,7,McLaren,40.0,5
2018,7,Force India,26.0,6
2018,7,Toro Rosso,19.0,7
2018,7,Haas F1 Team,19.0,7
2018,7,Sauber,11.0,9
2018,7,Williams,4.0,10
2018,8,Mercedes,206.0,1
2018,8,Ferrari,189.0,2
2018,8,Red Bull Racing,134.0,3
2018,8,Renault,56.0,4
2018,8,McLaren,40.0,5
2018,8,Force India,28.0,6
2018,8,Toro Rosso,19.0,7
2018,8,Haas F1 Team,19.0,7
2018,8,Sauber,12.0,9
2018,8,Williams,4.0,10
2018,9,Mercedes,237.0,1
2018,9,Ferrari,214.0,2
2018,9,Red Bull Racing,164.0,3
2018,9,Renault,62.0,4
2018,9,McLaren,40.0,5
2018,9,Force India,28.0,6
2018,9,Haas F1 Team,27.0,7
2018,9,Toro Rosso,19.0,8
2018,9,Sauber,13.0,9
2018,9,Williams,4.0,10
2018,10,Ferrari,247.0,1
2018,10,Mercedes,237.0,2
2018,10,Red Bull Racing,189.0,3
2018,10,Renault,62.0,4
2018,10,Haas F1 Team,49.0,5
2018,10,McLaren,44.0,6
2018,10,Force India,42.0,7
2018,10,Toro Rosso,19.0,8
2018,10,Sauber,16.0,9
2018,10,Williams,4.0,10
2018,11,Ferrari,287.0,1
2018,11,Mercedes,267.0,2
2018,11,Red Bull Racing,199.0,3
2018,11,Renault,70.0,4
2018,11,Haas F1 Team,51.0,5
2018,11,Force India,49.0,6
2018,11,McLaren,48.0,7
2018,11,Toro Rosso,19.0,8
2018,11,Sauber,16.0,9
2018,11,Williams,4.0,10
2018,12,Mercedes,310.0,1
2018,12,Ferrari,302.0,2
2018,12,Red Bull Racing,211.0,3
2018,12,Renault,80.0,4
2018,12,Force India,59.0,5
2018,12,Haas F1 Team,59.0,5
2018,12,McLaren,48.0,7
2018,12,Toro Rosso,20.0,8
2018,12,Sauber,18.0,9
2018,12,Williams,4.0,10
2018,13,Mercedes,345.0,1
2018,13,Ferrari,335.0,2
2018,13,Red Bull Racing,223.0,3
2018,13,Renault,82.0,4
2018,13,Haas F1 Team,66.0,5
2018,13,Force India,59.0,6
2018,13,McLaren,52.0,7
2018,13,Toro Rosso,28.0,8
2018,13,Sauber,18.0,9
2018,13,Williams,4.0,10
2018,14,Mercedes,375.0,1
2018,14,Ferrari,360.0,2
2018,14,Red Bull Racing,238.0,3
2018,14,Renault,82.0,4
2018,14,Haas F1 Team,76.0,5
2018,14,Force India,59.0,6
2018,14,McLaren,52.0,7
2018,14,Toro Rosso,30.0,8
2018,14,Sauber,19.0,9
2018,14,Racing Point,18.0,10
2018,14,Williams,4.0,11
2018,15,Mercedes,415.0,1
2018,15,Ferrari,390.0,2
2018,15,Red Bull Racing,248.0,3
2018,15,Renault,86.0,4
2018,15,Haas F1 Team,76.0,5
2018,15,Force India,59.0,6
2018,15,McLaren,52.0,7
2018,15,Racing Point,32.0,8
2018,15,Toro Rosso,30.0,9
2018,15,Sauber,19.0,10
2018,15,Williams,7.0,11
2018,16,Mercedes,452.0,1
2018,16,Ferrari,415.0,2
2018,16,Red Bull Racing,274.0,3
2018,16,Renault,91.0,4
2018,16,Haas F1 Team,76.0,5
2018,16,Force India,59.0,6
2018,16,McLaren,58.0,7
2018,16,Racing Point,32.0,8
2018,16,Toro Rosso,30.0,9
2018,16,Sauber,21.0,10
2018,16,Williams,7.0,11
2018,17,Mercedes,495.0,1
2018,17,Ferrari,442.0,2
2018,17,Red Bull Racing,292.0,3
2018,17,Renault,91.0,4
2018,17,Haas F1 Team,80.0,5
2018,17,Force India,59.0,6
2018,17,McLaren,58.0,7
2018,17,Racing Point,35.0,8
2018,17,Toro Rosso,30.0,9
2018,17,Sauber,27.0,10
2018,17,Williams,7.0,11
2018,18,Mercedes,538.0,1
2018,18,Ferrari,460.0,2
2018,18,Red Bull Racing,319.0,3
2018,18,Renault,92.0,4
2018,18,Haas F1 Team,84.0,5
2018,18,Force India,59.0,6
2018,18,McLaren,58.0,7
2018,18,Racing Point,43.0,8
2018,18,Toro Rosso,30.0,9
2018,18,Sauber,27.0,10
2018,18,Williams,7.0,11
2018,19,Mercedes,563.0,1
2018,19,Ferrari,497.0,2
2018,19,Red Bull Racing,337.0,3
2018,19,Renault,106.0,4
2018,19,Haas F1 Team,84.0,5
2018,19,Force India,59.0,6
2018,19,McLaren,58.0,7
2018,19,Racing Point,47.0,8
2018,19,Toro Rosso,32.0,9
2018,19,Sauber,28.0,10
2018,19,Williams,7.0,11
2018,20,Mercedes,585.0,1
2018,20,Ferrari,530.0,2
2018,20,Red Bull Racing,362.0,3
2018,20,Renault,114.0,4
2018,20,Haas F1 Team,84.0,5
2018,20,McLaren,62.0,6
2018,20,Force India,59.0,7
2018,20,Racing Point,47.0,8
2018,20,Sauber,36.0,9
2018,20,Toro Rosso,33.0,10
2018,20,Williams,7.0,11
2018,21,Mercedes,620.0,1
2018,21,Ferrari,553.0,2
2018,21,Red Bull Racing,392.0,3
2018,21,Renault,114.0,4
2018,21,Haas F1 Team,90.0,5
2018,21,McLaren,62.0,6
2018,21,Force India,59.0,7
2018,21,Racing Point,48.0,8
2018,21,Sauber,42.0,9
2018,21,Toro Rosso,33.0,10
2018,21,Williams,7.0,11
2019,2,Mercedes,44.0,1
2019,2,Ferrari,22.0,2
2019,2,Red Bull Racing,15.0,3
2019,2,Haas F1 Team,8.0,4
2019,2,Renault,6.0,5
2019,2,Alfa Romeo Racing,4.0,6
2019,2,Racing Point,2.0,7
2019,2,Toro Rosso,1.0,8
2019,2,McLaren,0.0,9
2019,2,Williams,0.0,9
2019,3,Mercedes,87.0,1
2019,3,Ferrari,48.0,2
2019,3,Red Bull Racing,31.0,3
2019,3,Alfa Romeo Racing,10.0,4
2019,3,Haas F1 Team,8.0,5
2019,3,McLaren,8.0,5
2019,3,Renault,6.0,7
2019,3,Racing Point,3.0,8
2019,3,Toro Rosso,3.0,8
2019,3,Williams,0.0,10
2019,4,Mercedes,130.0,1
2019,4,Ferrari,73.0,2
2019,4,Red Bull Racing,52.0,3
2019,4,Renault,12.0,4
2019,4,Alfa Romeo Racing,12.0,4
2019,4,Haas F1 Team,8.0,6
2019,4,McLaren,8.0,6
2019,4,Racing Point,7.0,8
2019,4,Toro Rosso,4.0,9
2019,4,Williams,0.0,10
2019,5,Mercedes,173.0,1
2019,5,Ferrari,99.0,2
2019,5,Red Bull Racing,64.0,3
2019,5,McLaren,18.0,4
2019,5,Racing Point,17.0,5
2019,5,Alfa Romeo Racing,13.0,6
2019,5,Renault,12.0,7
2019,5,Haas F1 Team,8.0,8
2019,5,Toro Rosso,4.0,9
2019,5,Williams,0.0,10
2019,6,Mercedes,217.0,1
2019,6,Ferrari,121.0,2
2019,6,Red Bull Racing,87.0,3
2019,6,McLaren,22.0,4
2019,6,Racing Point,17.0,5
2019,6,Haas F1 Team,15.0,6
2019,6,Alfa Romeo Racing,13.0,7
2019,6,Renault,12.0,8
2019,6,Toro Rosso,6.0,9
2019,6,Williams,0.0,10
2019,7,Mercedes,257.0,1
2019,7,Ferrari,139.0,2
2019,7,Red Bull Racing,110.0,3
2019,7,McLaren,30.0,4
2019,7,Racing Point,17.0,5
2019,7,Haas F1 Team,16.0,6
2019,7,Toro Rosso,16.0,6
2019,7,Renault,14.0,8
2019,7,Alfa Romeo Racing,13.0,9
2019,7,Williams,0.0,10
2019,8,Mercedes,295.0,1
2019,8,Ferrari,172.0,2
2019,8,Red Bull Racing,124.0,3
2019,8,McLaren,30.0,4
2019,8,Renault,28.0,5
2019,8,Racing Point,19.0,6
2019,8,Toro Rosso,17.0,7
2019,8,Haas F1 Team,16.0,8
2019,8,Alfa Romeo Racing,13.0,9
2019,8,Williams,0.0,10
2019,9,Mercedes,338.0,1
2019,9,Ferrari,198.0,2
2019,9,Red Bull Racing,137.0,3
2019,9,McLaren,40.0,4
2019,9,Renault,32.0,5
2019,9,Alfa Romeo Racing,19.0,6
2019,9,Racing Point,19.0,6
2019,9,Toro Rosso,17.0,8
2019,9,Haas F1 Team,16.0,9
2019,9,Williams,0.0,10
2019,10,Mercedes,363.0,1
2019,10,Ferrari,228.0,2
2019,10,Red Bull Racing,169.0,3
2019,10,McLaren,52.0,4
2019,10,Renault,32.0,5
2019,10,Alfa Romeo Racing,22.0,6
2019,10,Racing Point,19.0,7
2019,10,Toro Rosso,17.0,8
2019,10,Haas F1 Team,16.0,9
2019,10,Williams,0.0,10
2019,11,Mercedes,407.0,1
2019,11,Ferrari,243.0,2
2019,11,Red Bull Racing,191.0,3
2019,11,McLaren,60.0,4
2019,11,Renault,39.0,5
2019,11,Alfa Romeo Racing,26.0,6
2019,11,Racing Point,19.0,7
2019,11,Toro Rosso,19.0,7
2019,11,Haas F1 Team,16.0,9
2019,11,Williams,0.0,10
2019,12,Mercedes,409.0,1
2019,12,Ferrari,261.0,2
2019,12,Red Bull Racing,217.0,3
2019,12,McLaren,70.0,4
2019,12,Toro Rosso,42.0,5
2019,12,Renault,39.0,6
2019,12,Racing Point,31.0,7
2019,12,Haas F1 Team,26.0,8
2019,12,Alfa Romeo Racing,26.0,8
2019,12,Williams,1.0,10
2019,13,Mercedes,438.0,1
2019,13,Ferrari,288.0,2
2019,13,Red Bull Racing,244.0,3
2019,13,McLaren,82.0,4
2019,13,Toro Rosso,43.0,5
2019,13,Renault,39.0,6
2019,13,Alfa Romeo Racing,32.0,7
2019,13,Racing Point,31.0,8
2019,13,Haas F1 Team,26.0,9
2019,13,Williams,1.0,10
2019,14,Mercedes,471.0,1
2019,14,Ferrari,326.0,2
2019,14,Red Bull Racing,254.0,3
2019,14,McLaren,82.0,4
2019,14,Toro Rosso,51.0,5
2019,14,Renault,43.0,6
2019,14,Racing Point,40.0,7
2019,14,Alfa Romeo Racing,32.0,8
2019,14,Haas F1 Team,26.0,9
2019,14,Williams,1.0,10
2019,15,Mercedes,505.0,1
2019,15,Ferrari,351.0,2
2019,15,Red Bull Racing,266.0,3
2019,15,McLaren,83.0,4
2019,15,Renault,65.0,5
2019,15,Toro Rosso,51.0,6
2019,15,Racing Point,46.0,7
2019,15,Alfa Romeo Racing,34.0,8
2019,15,Haas F1 Team,26.0,9
2019,15,Williams,1.0,10
2019,16,Mercedes,527.0,1
2019,16,Ferrari,394.0,2
2019,16,Red Bull Racing,289.0,3
2019,16,McLaren,89.0,4
2019,16,Renault,67.0,5
2019,16,Toro Rosso,55.0,6
2019,16,Racing Point,46.0,7
2019,16,Alfa Romeo Racing,35.0,8
2019,16,Haas F1 Team,26.0,9
2019,16,Williams,1.0,10
2019,17,Mercedes,571.0,1
2019,17,Ferrari,409.0,2
2019,17,Red Bull Racing,311.0,3
2019,17,McLaren,101.0,4
2019,17,Renault,68.0,5
2019,17,Toro Rosso,55.0,6
2019,17,Racing Point,52.0,7
2019,17,Alfa Romeo Racing,35.0,8
2019,17,Haas F1 Team,28.0,9
2019,17,Williams,1.0,10
2019,18,Mercedes,612.0,1
2019,18,Ferrari,435.0,2
2019,18,Red Bull Racing,323.0,3
2019,18,McLaren,111.0,4
2019,18,Renault,68.0,5
2019,18,Toro Rosso,62.0,6
2019,18,Racing Point,58.0,7
2019,18,Alfa Romeo Racing,35.0,8
2019,18,Haas F1 Team,28.0,9
2019,18,Williams,1.0,10
2019,19,Mercedes,652.0,1
2019,19,Ferrari,466.0,2
2019,19,Red Bull Racing,341.0,3
2019,19,McLaren,111.0,4
2019,19,Renault,73.0,5
2019,19,Racing Point,64.0,6
2019,19,Toro Rosso,64.0,6
2019,19,Alfa Romeo Racing,35.0,8
2019,19,Haas F1 Team,28.0,9
2019,19,Williams,1.0,10
2019,20,Mercedes,695.0,1
2019,20,Ferrari,479.0,2
2019,20,Red Bull Racing,366.0,3
2019,20,McLaren,121.0,4
2019,20,Renault,83.0,5
2019,20,Racing Point,65.0,6
2019,20,Toro Rosso,64.0,7
2019,20,Alfa Romeo Racing,35.0,8
2019,20,Haas F1 Team,28.0,9
2019,20,Williams,1.0,10
2019,21,Mercedes,701.0,1
2019,21,Ferrari,479.0,2
2019,21,Red Bull Racing,391.0,3
2019,21,McLaren,140.0,4
2019,21,Renault,91.0,5
2019,21,Toro Rosso,83.0,6
2019,21,Racing Point,67.0,7
2019,21,Alfa Romeo Racing,57.0,8
2019,21,Haas F1 Team,28.0,9
2019,21,Williams,1.0,10
2020,2,Mercedes,37.0,1
2020,2,McLaren,26.0,2
2020,2,Ferrari,19.0,3
2020,2,Racing Point,8.0,4
2020,2,AlphaTauri,6.0,5
2020,2,Renault,4.0,6
2020,2,Alfa Romeo Racing,2.0,7
2020,2,Williams,0.0,8
2020,2,Red Bull Racing,0.0,8
2020,2,Haas F1 Team,0.0,8
2020,3,Mercedes,80.0,1
2020,3,McLaren,39.0,2
2020,3,Red Bull Racing,27.0,3
2020,3,Racing Point,22.0,4
2020,3,Ferrari,19.0,5
2020,3,Renault,8.0,6
2020,3,AlphaTauri,7.0,7
2020,3,Alfa Romeo Racing,2.0,8
2020,3,Williams,0.0,9
2020,3,Haas F1 Team,0.0,9
2020,4,Mercedes,121.0,1
2020,4,Red Bull Racing,55.0,2
2020,4,McLaren,41.0,3
2020,4,Racing Point,40.0,4
2020,4,Ferrari,27.0,5
2020,4,Renault,12.0,6
2020,4,AlphaTauri,7.0,7
2020,4,Alfa Romeo Racing,2.0,8
2020,4,Haas F1 Team,1.0,9
2020,4,Williams,0.0,10
2020,5,Mercedes,146.0,1
2020,5,Red Bull Racing,78.0,2
2020,5,McLaren,51.0,3
2020,5,Ferrari,43.0,4
2020,5,Racing Point,42.0,5
2020,5,Renault,32.0,6
2020,5,AlphaTauri,13.0,7
2020,5,Alfa Romeo Racing,2.0,8
2020,5,Haas F1 Team,1.0,9
2020,5,Williams,0.0,10
2020,6,Mercedes,180.0,1
2020,6,Red Bull Racing,113.0,2
2020,6,Racing Point,56.0,3
2020,6,Ferrari,55.0,4
2020,6,McLaren,53.0,5
2020,6,Renault,36.0,6
2020,6,AlphaTauri,14.0,7
2020,6,Alfa Romeo Racing,2.0,8
2020,6,Haas F1 Team,1.0,9
2020,6,Williams,0.0,10
2020,7,Mercedes,221.0,1
2020,7,Red Bull Racing,135.0,2
2020,7,Racing Point,78.0,3
2020,7,McLaren,62.0,4
2020,7,Ferrari,61.0,5
2020,7,Renault,36.0,6
2020,7,AlphaTauri,16.0,7
2020,7,Alfa Romeo Racing,2.0,8
2020,7,Haas F1 Team,1.0,9
2020,7,Williams,0.0,10
2020,8,Mercedes,264.0,1
2020,8,Red Bull Racing,158.0,2
2020,8,Racing Point,81.0,3
2020,8,McLaren,68.0,4
2020,8,Ferrari,61.0,5
2020,8,Renault,59.0,6
2020,8,AlphaTauri,20.0,7
2020,8,Alfa Romeo Racing,2.0,8
2020,8,Haas F1 Team,1.0,9
2020,8,Williams,0.0,10
2020,9,Mercedes,281.0,1
2020,9,Red Bull Racing,158.0,2
2020,9,McLaren,98.0,3
2020,9,Racing Point,97.0,4
2020,9,Renault,71.0,5
2020,9,Ferrari,61.0,6
2020,9,AlphaTauri,47.0,7
2020,9,Alfa Romeo Racing,2.0,8
2020,9,Haas F1 Team,1.0,9
2020,9,Williams,0.0,10
2020,10,Mercedes,325.0,1
2020,10,Red Bull Racing,173.0,2
2020,10,Racing Point,107.0,3
2020,10,McLaren,106.0,4
2020,10,Renault,83.0,5
2020,10,Ferrari,66.0,6
2020,10,AlphaTauri,53.0,7
2020,10,Alfa Romeo Racing,4.0,8
2020,10,Haas F1 Team,1.0,9
2020,10,Williams,0.0,10
2020,11,Mercedes,366.0,1
2020,11,Red Bull Racing,192.0,2
2020,11,Racing Point,119.0,3
2020,11,McLaren,106.0,4
2020,11,Renault,99.0,5
2020,11,Ferrari,74.0,6
2020,11,AlphaTauri,59.0,7
2020,11,Alfa Romeo Racing,4.0,8
2020,11,Haas F1 Team,1.0,9
2020,11,Williams,0.0,10
2020,12,Mercedes,391.0,1
2020,12,Red Bull Racing,211.0,2
2020,12,Racing Point,135.0,3
2020,12,McLaren,116.0,4
2020,12,Renault,114.0,5
2020,12,Ferrari,80.0,6
2020,12,AlphaTauri,67.0,7
2020,12,Alfa Romeo Racing,5.0,8
2020,12,Haas F1 Team,3.0,9
2020,12,Williams,0.0,10
2020,13,Mercedes,435.0,1
2020,13,Red Bull Racing,226.0,2
2020,13,Racing Point,141.0,3
2020,13,McLaren,124.0,4
2020,13,Renault,120.0,5
2020,13,Ferrari,93.0,6
2020,13,AlphaTauri,77.0,7
2020,13,Alfa Romeo Racing,5.0,8
2020,13,Haas F1 Team,3.0,9
2020,13,Williams,0.0,10
2020,14,Mercedes,479.0,1
2020,14,Red Bull Racing,226.0,2
2020,14,Racing Point,149.0,3
2020,14,Renault,135.0,4
2020,14,McLaren,134.0,5
2020,14,Ferrari,103.0,6
2020,14,AlphaTauri,89.0,7
2020,14,Alfa Romeo Racing,8.0,8
2020,14,Haas F1 Team,3.0,9
2020,14,Williams,0.0,10
2020,15,Mercedes,504.0,1
2020,15,Red Bull Racing,240.0,2
2020,15,Racing Point,169.0,3
2020,15,McLaren,149.0,4
2020,15,Renault,136.0,5
2020,15,Ferrari,130.0,6
2020,15,AlphaTauri,89.0,7
2020,15,Alfa Romeo Racing,8.0,8
2020,15,Haas F1 Team,3.0,9
2020,15,Williams,0.0,10
2020,16,Mercedes,533.0,1
2020,16,Red Bull Racing,274.0,2
2020,16,McLaren,171.0,3
2020,16,Racing Point,169.0,4
2020,16,Renault,144.0,5
2020,16,Ferrari,131.0,6
2020,16,AlphaTauri,97.0,7
2020,16,Alfa Romeo Racing,8.0,8
2020,16,Haas F1 Team,3.0,9
2020,16,Williams,0.0,10
2020,17,Mercedes,540.0,1
2020,17,Red Bull Racing,282.0,2
2020,17,Racing Point,209.0,3
2020,17,McLaren,184.0,4
2020,17,Renault,172.0,5
2020,17,Ferrari,131.0,6
2020,17,AlphaTauri,103.0,7
2020,17,Alfa Romeo Racing,8.0,8
2020,17,Haas F1 Team,3.0,9
2020,17,Williams,0.0,10
2021,2,Mercedes,41.0,1
2021,2,Red Bull Racing,28.0,2
2021,2,McLaren,18.0,3
2021,2,Ferrari,12.0,4
2021,2,AlphaTauri,2.0,5
2021,2,Aston Martin,1.0,6
2021,2,Alfa Romeo Racing,0.0,7
2021,2,Alpine,0.0,7
2021,2,Williams,0.0,7
2021,2,Haas F1 Team,0.0,7
2021,3,Mercedes,60.0,1
2021,3,Red Bull Racing,53.0,2
2021,3,McLaren,41.0,3
2021,3,Ferrari,34.0,4
2021,3,AlphaTauri,8.0,5
2021,3,Aston Martin,5.0,6
2021,3,Alpine,3.0,7
2021,3,Alfa Romeo Racing,0.0,8
2021,3,Williams,0.0,8
2021,3,Haas F1 Team,0.0,8
2021,4,Mercedes,101.0,1
2021,4,Red Bull Racing,83.0,2
2021,4,McLaren,53.0,3
2021,4,Ferrari,42.0,4
2021,4,Alpine,13.0,5
2021,4,AlphaTauri,9.0,6
2021,4,Aston Martin,5.0,7
2021,4,Alfa Romeo Racing,0.0,8
2021,4,Williams,0.0,8
2021,4,Haas F1 Team,0.0,8
2021,5,Mercedes,141.0,1
2021,5,Red Bull Racing,112.0,2
2021,5,McLaren,65.0,3
2021,5,Ferrari,60.0,4
2021,5,Alpine,15.0,5
2021,5,AlphaTauri,10.0,6
2021,5,Aston Martin,5.0,7
2021,5,Alfa Romeo Racing,0.0,8
2021,5,Williams,0.0,8
2021,5,Haas F1 Team,0.0,8
2021,6,Red Bull Racing,149.0,1
2021,6,Mercedes,148.0,2
2021,6,McLaren,80.0,3
2021,6,Ferrari,78.0,4
2021,6,Aston Martin,19.0,5
2021,6,AlphaTauri,18.0,6
2021,6,Alpine,17.0,7
2021,6,Alfa Romeo Racing,1.0,8
2021,6,Williams,0.0,9
2021,6,Haas F1 Team,0.0,9
2021,7,Red Bull Racing,174.0,1
2021,7,Mercedes,148.0,2
2021,7,Ferrari,94.0,3
2021,7,McLaren,92.0,4
2021,7,AlphaTauri,39.0,5
2021,7,Aston Martin,37.0,6
2021,7,Alpine,25.0,7
2021,7,Alfa Romeo Racing,2.0,8
2021,7,Williams,0.0,9
2021,7,Haas F1 Team,0.0,9
2021,8,Red Bull Racing,215.0,1
2021,8,Mercedes,178.0,2
2021,8,McLaren,110.0,3
2021,8,Ferrari,94.0,4
2021,8,AlphaTauri,45.0,5
2021,8,Aston Martin,40.0,6
2021,8,Alpine,29.0,7
2021,8,Alfa Romeo Racing,2.0,8
2021,8,Williams,0.0,9
2021,8,Haas F1 Team,0.0,9
2021,9,Red Bull Racing,252.0,1
2021,9,Mercedes,212.0,2
2021,9,McLaren,120.0,3
2021,9,Ferrari,108.0,4
2021,9,AlphaTauri,46.0,5
2021,9,Aston Martin,44.0,6
2021,9,Alpine,31.0,7
2021,9,Alfa Romeo Racing,2.0,8
2021,9,Williams,0.0,9
2021,9,Haas F1 Team,0.0,9
2021,10,Red Bull Racing,286.0,1
2021,10,Mercedes,242.0,2
2021,10,McLaren,141.0,3
2021,10,Ferrari,122.0,4
2021,10,AlphaTauri,48.0,5
2021,10,Aston Martin,44.0,6
2021,10,Alpine,32.0,7
2021,10,Alfa Romeo Racing,2.0,8
2021,10,Williams,0.0,9
2021,10,Haas F1 Team,0.0,9
2021,11,Red Bull Racing,286.0,1
2021,11,Mercedes,282.0,2
2021,11,McLaren,163.0,3
2021,11,Ferrari,148.0,4
2021,11,AlphaTauri,49.0,5
2021,11,Aston Martin,48.0,6
2021,11,Alpine,40.0,7
2021,11,Alfa Romeo Racing,2.0,8
2021,11,Williams,0.0,9
2021,11,Haas F1 Team,0.0,9
2021,12,Mercedes,300.0,1
2021,12,Red Bull Racing,288.0,2
2021,12,McLaren,163.0,3
2021,12,Ferrari,163.0,3
2021,12,Alpine,77.0,5
2021,12,AlphaTauri,68.0,6
2021,12,Aston Martin,48.0,7
2021,12,Williams,10.0,8
2021,12,Alfa Romeo Racing,3.0,9
2021,12,Haas F1 Team,0.0,10
2021,13,Mercedes,307.5,1
2021,13,Red Bull Racing,300.5,2
2021,13,McLaren,169.0,3
2021,13,Ferrari,165.5,4
2021,13,Alpine,80.0,5
2021,13,AlphaTauri,72.0,6
2021,13,Aston Martin,53.0,7
2021,13,Williams,20.0,8
2021,13,Alfa Romeo Racing,3.0,9
2021,13,Haas F1 Team,0.0,10
2021,14,Mercedes,341.5,1
2021,14,Red Bull Racing,329.5,2
2021,14,Ferrari,181.5,3
2021,14,McLaren,170.0,4
2021,14,Alpine,90.0,5
2021,14,AlphaTauri,84.0,6
2021,14,Aston Martin,53.0,7
2021,14,Williams,20.0,8
2021,14,Alfa Romeo Racing,3.0,9
2021,14,Haas F1 Team,0.0,10
2021,15,Mercedes,356.5,1
2021,15,Red Bull Racing,339.5,2
2021,15,McLaren,214.0,3
2021,15,Ferrari,201.5,4
2021,15,Alpine,95.0,5
2021,15,AlphaTauri,84.0,6
2021,15,Aston Martin,59.0,7
2021,15,Williams,22.0,8
2021,15,Alfa Romeo Racing,3.0,9
2021,15,Haas F1 Team,0.0,10
2021,16,Mercedes,391.5,1
2021,16,Red Bull Racing,359.5,2
2021,16,McLaren,233.0,3
2021,16,Ferrari,216.5,4
2021,16,Alpine,103.0,5
2021,16,AlphaTauri,84.0,6
2021,16,Aston Martin,59.0,7
2021,16,Williams,23.0,8
2021,16,Alfa Romeo Racing,7.0,9
2021,16,Haas F1 Team,0.0,10
2021,17,Mercedes,427.5,1
2021,17,Red Bull Racing,392.5,2
2021,17,McLaren,239.0,3
2021,17,Ferrari,232.5,4
2021,17,Alpine,104.0,5
2021,17,AlphaTauri,92.0,6
2021,17,Aston Martin,61.0,7
2021,17,Williams,23.0,8
2021,17,Alfa Romeo Racing,7.0,9
2021,17,Haas F1 Team,0.0,10
2021,18,Mercedes,454.5,1
2021,18,Red Bull Racing,432.5,2
2021,18,McLaren,253.0,3
2021,18,Ferrari,250.5,4
2021,18,Alpine,104.0,5
2021,18,AlphaTauri,94.0,6
2021,18,Aston Martin,62.0,7
2021,18,Williams,23.0,8
2021,18,Alfa Romeo Racing,7.0,9
2021,18,Haas F1 Team,0.0,10
2021,19,Mercedes,472.5,1
2021,19,Red Bull Racing,472.5,1
2021,19,Ferrari,268.5,3
2021,19,McLaren,254.0,4
2021,19,AlphaTauri,106.0,5
2021,19,Alpine,106.0,5
2021,19,Aston Martin,68.0,7
2021,19,Williams,23.0,8
2021,19,Alfa Romeo Racing,11.0,9
2021,19,Haas F1 Team,0.0,10
2021,20,Mercedes,512.5,1
2021,20,Red Bull Racing,503.5,2
2021,20,Ferrari,286.5,3
2021,20,McLaren,255.0,4
2021,20,AlphaTauri,112.0,5
2021,20,Alpine,112.0,5
2021,20,Aston Martin,68.0,7
2021,20,Williams,23.0,8
2021,20,Alfa Romeo Racing,11.0,9
2021,20,Haas F1 Team,0.0,10
2021,21,Mercedes,537.5,1
2021,21,Red Bull Racing,534.5,2
2021,21,Ferrari,296.5,3
2021,21,McLaren,257.0,4
2021,21,Alpine,137.0,5
2021,21,AlphaTauri,112.0,6
2021,21,Aston Martin,77.0,7
2021,21,Williams,23.0,8
2021,21,Alfa Romeo Racing,11.0,9
2021,21,Haas F1 Team,0.0,10
2021,22,Mercedes,578.5,1
2021,22,Red Bull Racing,552.5,2
2021,22,Ferrari,306.5,3
2021,22,McLaren,268.0,4
2021,22,Alpine,149.0,5
2021,22,AlphaTauri,120.0,6
2021,22,Aston Martin,77.0,7
2021,22,Williams,23.0,8
2021,22,Alfa Romeo Racing,13.0,9
2021,22,Haas F1 Team,0.0,10
2022,2,Ferrari,44.0,1
2022,2,Mercedes,27.0,2
2022,2,Haas F1 Team,10.0,3
2022,2,Alfa Romeo,9.0,4
2022,2,Alpine,8.0,5
2022,2,AlphaTauri,4.0,6
2022,2,Aston Martin,0.0,7
2022,2,Williams,0.0,7
2022,2,McLaren,0.0,7
2022,2,Red Bull Racing,0.0,7
2022,3,Ferrari,78.0,1
2022,3,Mercedes,38.0,2
2022,3,Red Bull Racing,37.0,3
2022,3,Alpine,16.0,4
2022,3,Haas F1 Team,12.0,5
2022,3,Alfa Romeo,9.0,6
2022,3,AlphaTauri,8.0,7
2022,3,McLaren,6.0,8
2022,3,Aston Martin,0.0,9
2022,3,Williams,0.0,9
2022,4,Ferrari,104.0,1
2022,4,Mercedes,65.0,2
2022,4,Red Bull Racing,55.0,3
2022,4,McLaren,24.0,4
2022,4,Alpine,22.0,5
2022,4,Alfa Romeo,13.0,6
2022,4,Haas F1 Team,12.0,7
2022,4,AlphaTauri,10.0,8
2022,4,Williams,1.0,9
2022,4,Aston Martin,0.0,10
2022,5,Ferrari,112.0,1
2022,5,Red Bull Racing,99.0,2
2022,5,Mercedes,77.0,3
2022,5,McLaren,39.0,4
2022,5,Alfa Romeo,23.0,5
2022,5,Alpine,22.0,6
2022,5,AlphaTauri,16.0,7
2022,5,Haas F1 Team,14.0,8
2022,5,Aston Martin,5.0,9
2022,5,Williams,1.0,10
2022,6,Ferrari,145.0,1
2022,6,Red Bull Racing,137.0,2
2022,6,Mercedes,95.0,3
2022,6,McLaren,39.0,4
2022,6,Alfa Romeo,29.0,5
2022,6,Alpine,26.0,6
2022,6,AlphaTauri,16.0,7
2022,6,Haas F1 Team,14.0,8
2022,6,Aston Martin,6.0,9
2022,6,Williams,3.0,10
2022,7,Red Bull Racing,181.0,1
2022,7,Ferrari,157.0,2
2022,7,Mercedes,120.0,3
2022,7,McLaren,43.0,4
2022,7,Alfa Romeo,37.0,5
2022,7,Alpine,34.0,6
2022,7,AlphaTauri,17.0,7
2022,7,Haas F1 Team,14.0,8
2022,7,Aston Martin,6.0,9
2022,7,Williams,3.0,10
2022,8,Red Bull Racing,221.0,1
2022,8,Ferrari,187.0,2
2022,8,Mercedes,134.0,3
2022,8,McLaren,52.0,4
2022,8,Alpine,40.0,5
2022,8,Alfa Romeo,39.0,6
2022,8,AlphaTauri,17.0,7
2022,8,Haas F1 Team,14.0,8
2022,8,Aston Martin,7.0,9
2022,8,Williams,3.0,10
2022,9,Red Bull Racing,265.0,1
2022,9,Ferrari,187.0,2
2022,9,Mercedes,161.0,3
2022,9,McLaren,58.0,4
2022,9,Alpine,47.0,5
2022,9,Alfa Romeo,39.0,6
2022,9,AlphaTauri,27.0,7
2022,9,Aston Martin,15.0,8
2022,9,Haas F1 Team,14.0,9
2022,9,Williams,3.0,10
2022,10,Red Bull Racing,290.0,1
2022,10,Ferrari,216.0,2
2022,10,Mercedes,188.0,3
2022,10,McLaren,58.0,4
2022,10,Alpine,57.0,5
2022,10,Alfa Romeo,49.0,6
2022,10,AlphaTauri,27.0,7
2022,10,Aston Martin,16.0,8
2022,10,Haas F1 Team,14.0,9
2022,10,Williams,3.0,10
2022,11,Red Bull Racing,314.0,1
2022,11,Ferrari,253.0,2
2022,11,Mercedes,204.0,3
2022,11,Alpine,67.0,4
2022,11,McLaren,66.0,5
2022,11,Alfa Romeo,49.0,6
2022,11,AlphaTauri,27.0,7
2022,11,Haas F1 Team,19.0,8
2022,11,Aston Martin,18.0,9
2022,11,Williams,3.0,10
2022,12,Red Bull Racing,333.0,1
2022,12,Ferrari,278.0,2
2022,12,Mercedes,231.0,3
2022,12,Alpine,78.0,4
2022,12,McLaren,74.0,5
2022,12,Alfa Romeo,49.0,6
2022,12,Haas F1 Team,31.0,7
2022,12,AlphaTauri,27.0,8
2022,12,Aston Martin,18.0,9
2022,12,Williams,3.0,10
2022,13,Red Bull Racing,370.0,1
2022,13,Ferrari,289.0,2
2022,13,Mercedes,264.0,3
2022,13,Alpine,90.0,4
2022,13,McLaren,82.0,5
2022,13,Alfa Romeo,49.0,6
2022,13,Haas F1 Team,31.0,7
2022,13,AlphaTauri,27.0,8
2022,13,Aston Martin,19.0,9
2022,13,Williams,3.0,10
2022,14,Red Bull Racing,405.0,1
2022,14,Ferrari,309.0,2
2022,14,Mercedes,298.0,3
2022,14,Alpine,96.0,4
2022,14,McLaren,88.0,5
2022,14,Alfa Romeo,49.0,6
2022,14,Haas F1 Team,31.0,7
2022,14,AlphaTauri,27.0,8
2022,14,Aston Martin,20.0,9
2022,14,Williams,3.0,10
2022,15,Red Bull Racing,449.0,1
2022,15,Ferrari,332.0,2
2022,15,Mercedes,310.0,3
2022,15,Alpine,112.0,4
2022,15,McLaren,88.0,5
2022,15,Alfa Romeo,49.0,6
2022,15,Haas F1 Team,31.0,7
2022,15,AlphaTauri,29.0,8
2022,15,Aston Martin,24.0,9
2022,15,Williams,4.0,10
2022,16,Red Bull Racing,485.0,1
2022,16,Ferrari,351.0,2
2022,16,Mercedes,340.0,3
2022,16,Alpine,122.0,4
2022,16,McLaren,94.0,5
2022,16,Alfa Romeo,49.0,6
2022,16,Haas F1 Team,31.0,7
2022,16,AlphaTauri,29.0,8
2022,16,Aston Martin,25.0,9
2022,16,Williams,4.0,10
2022,17,Red Bull Racing,519.0,1
2022,17,Ferrari,381.0,2
2022,17,Mercedes,365.0,3
2022,17,Alpine,122.0,4
2022,17,McLaren,100.0,5
2022,17,Alfa Romeo,50.0,6
2022,17,AlphaTauri,33.0,7
2022,17,Haas F1 Team,31.0,8
2022,17,Aston Martin,25.0,9
2022,17,Williams,6.0,10
2022,18,Red Bull Racing,550.0,1
2022,18,Ferrari,414.0,2
2022,18,Mercedes,367.0,3
2022,18,Alpine,122.0,4
2022,18,McLaren,122.0,4
2022,18,Alfa Romeo,50.0,6
2022,18,Aston Martin,37.0,7
2022,18,AlphaTauri,34.0,8
2022,18,Haas F1 Team,31.0,9
2022,18,Williams,6.0,10
2022,19,Red Bull Racing,593.0,1
2022,19,Ferrari,429.0,2
2022,19,Mercedes,381.0,3
2022,19,Alpine,140.0,4
2022,19,McLaren,123.0,5
2022,19,Alfa Romeo,50.0,6
2022,19,Aston Martin,45.0,7
2022,19,AlphaTauri,34.0,8
2022,19,Haas F1 Team,31.0,9
2022,19,Williams,8.0,10
2022,20,Red Bull Racing,630.0,1
2022,20,Ferrari,444.0,2
2022,20,Mercedes,410.0,3
2022,20,Alpine,146.0,4
2022,20,McLaren,131.0,5
2022,20,Alfa Romeo,50.0,6
2022,20,Aston Martin,49.0,7
2022,20,AlphaTauri,35.0,8
2022,20,Haas F1 Team,33.0,9
2022,20,Williams,8.0,10
2022,21,Red Bull Racing,670.0,1
2022,21,Ferrari,462.0,2
2022,21,Mercedes,441.0,3
2022,21,Alpine,150.0,4
2022,21,McLaren,139.0,5
2022,21,Alfa Romeo,51.0,6
2022,21,Aston Martin,49.0,7
2022,21,AlphaTauri,35.0,8
2022,21,Haas F1 Team,33.0,9
2022,21,Williams,8.0,10
2022,22,Red Bull Racing,684.0,1
2022,22,Ferrari,489.0,2
2022,22,Mercedes,485.0,3
2022,22,Alpine,164.0,4
2022,22,McLaren,139.0,5
2022,22,Alfa Romeo,53.0,6
2022,22,Aston Martin,50.0,7
2022,22,AlphaTauri,35.0,8
2022,22,Haas F1 Team,33.0,9
2022,22,Williams,8.0,10
2023,2,Red Bull Racing,43.0,1
2023,2,Aston Martin,23.0,2
2023,2,Mercedes,16.0,3
2023,2,Ferrari,12.0,4
2023,2,Alfa Romeo,4.0,5
2023,2,Alpine,2.0,6
2023,2,Williams,1.0,7
2023,2,AlphaTauri,0.0,8
2023,2,Haas F1 Team,0.0,8
2023,2,McLaren,0.0,8
2023,3,Red Bull Racing,87.0,1
2023,3,Aston Martin,38.0,2
2023,3,Mercedes,38.0,2
2023,3,Ferrari,26.0,4
2023,3,Alpine,8.0,5
2023,3,Alfa Romeo,4.0,6
2023,3,Williams,1.0,7
2023,3,Haas F1 Team,1.0,7
2023,3,AlphaTauri,0.0,9
2023,3,McLaren,0.0,9
2023,4,Red Bull Racing,123.0,1
2023,4,Aston Martin,65.0,2
2023,4,Mercedes,56.0,3
2023,4,Ferrari,26.0,4
2023,4,McLaren,12.0,5
2023,4,Alpine,8.0,6
2023,4,Haas F1 Team,7.0,7
2023,4,Alfa Romeo,6.0,8
2023,4,Williams,1.0,9
2023,4,AlphaTauri,1.0,9
2023,5,Red Bull Racing,166.0,1
2023,5,Aston Martin,83.0,2
2023,5,Mercedes,69.0,3
2023,5,Ferrari,51.0,4
2023,5,McLaren,14.0,5
2023,5,Alpine,8.0,6
2023,5,Haas F1 Team,7.0,7
2023,5,Alfa Romeo,6.0,8
2023,5,AlphaTauri,2.0,9
2023,5,Williams,1.0,10
2023,6,Red Bull Racing,210.0,1
2023,6,Aston Martin,98.0,2
2023,6,Mercedes,89.0,3
2023,6,Ferrari,67.0,4
2023,6,Alpine,14.0,5
2023,6,McLaren,14.0,5
2023,6,Haas F1 Team,8.0,7
2023,6,Alfa Romeo,6.0,8
2023,6,AlphaTauri,2.0,9
2023,6,Williams,1.0,10
2023,7,Red Bull Racing,235.0,1
2023,7,Aston Martin,116.0,2
2023,7,Mercedes,112.0,3
2023,7,Ferrari,79.0,4
2023,7,Alpine,35.0,5
2023,7,McLaren,17.0,6
2023,7,Haas F1 Team,8.0,7
2023,7,Alfa Romeo,6.0,8
2023,7,AlphaTauri,2.0,9
2023,7,Williams,1.0,10
2023,8,Red Bull Racing,273.0,1
2023,8,Mercedes,145.0,2
2023,8,Aston Martin,130.0,3
2023,8,Ferrari,89.0,4
2023,8,Alpine,40.0,5
2023,8,McLaren,17.0,6
2023,8,Alfa Romeo,8.0,7
2023,8,Haas F1 Team,8.0,7
2023,8,AlphaTauri,2.0,9
2023,8,Williams,1.0,10
2023,9,Red Bull Racing,307.0,1
2023,9,Mercedes,160.0,2
2023,9,Aston Martin,150.0,3
2023,9,Ferrari,111.0,4
2023,9,Alpine,44.0,5
2023,9,McLaren,17.0,6
2023,9,Alfa Romeo,9.0,7
2023,9,Haas F1 Team,8.0,8
2023,9,Williams,7.0,9
2023,9,AlphaTauri,2.0,10
2023,10,Red Bull Racing,348.0,1
2023,10,Mercedes,170.0,2
2023,10,Aston Martin,162.0,3
2023,10,Ferrari,137.0,4
2023,10,Alpine,45.0,5
2023,10,McLaren,29.0,6
2023,10,Alfa Romeo,9.0,7
2023,10,Haas F1 Team,8.0,8
2023,10,Williams,7.0,9
2023,10,AlphaTauri,2.0,10
2023,11,Red Bull Racing,382.0,1
2023,11,Mercedes,195.0,2
2023,11,Aston Martin,168.0,3
2023,11,Ferrari,140.0,4
2023,11,McLaren,59.0,5
2023,11,Alpine,45.0,6
2023,11,Williams,11.0,7
2023,11,Alfa Romeo,9.0,8
2023,11,Haas F1 Team,8.0,9
2023,11,AlphaTauri,2.0,10
2023,12,Red Bull Racing,423.0,1
2023,12,Mercedes,215.0,2
2023,12,Aston Martin,171.0,3
2023,12,Ferrari,150.0,4
2023,12,McLaren,87.0,5
2023,12,Alpine,45.0,6
2023,12,Williams,11.0,7
2023,12,Alfa Romeo,9.0,8
2023,12,Haas F1 Team,8.0,9
2023,12,AlphaTauri,2.0,10
2023,13,Red Bull Racing,466.0,1
2023,13,Mercedes,236.0,2
2023,13,Aston Martin,183.0,3
2023,13,Ferrari,165.0,4
2023,13,McLaren,93.0,5
2023,13,Alpine,49.0,6
2023,13,Williams,11.0,7
2023,13,Alfa Romeo,9.0,8
2023,13,Haas F1 Team,8.0,9
2023,13,AlphaTauri,3.0,10
2023,14,Red Bull Racing,503.0,1
2023,14,Mercedes,244.0,2
2023,14,Aston Martin,202.0,3
2023,14,Ferrari,175.0,4
2023,14,McLaren,101.0,5
2023,14,Alpine,65.0,6
2023,14,Williams,15.0,7
2023,14,Alfa Romeo,9.0,8
2023,14,Haas F1 Team,8.0,9
2023,14,AlphaTauri,3.0,10
2023,15,Red Bull Racing,546.0,1
2023,15,Mercedes,262.0,2
2023,15,Aston Martin,204.0,3
2023,15,Ferrari,202.0,4
2023,15,McLaren,105.0,5
2023,15,Alpine,65.0,6
2023,15,Williams,21.0,7
2023,15,Alfa Romeo,10.0,8
2023,15,Haas F1 Team,8.0,9
2023,15,AlphaTauri,3.0,10
2023,16,Red Bull Racing,560.0,1
2023,16,Mercedes,278.0,2
2023,16,Ferrari,239.0,3
2023,16,Aston Martin,204.0,4
2023,16,McLaren,129.0,5
2023,16,Alpine,73.0,6
2023,16,Williams,21.0,7
2023,16,Alfa Romeo,10.0,8
2023,16,Haas F1 Team,9.0,9
2023,16,AlphaTauri,5.0,10
2023,17,Red Bull Racing,586.0,1
2023,17,Mercedes,294.0,2
2023,17,Ferrari,259.0,3
2023,17,Aston Martin,208.0,4
2023,17,McLaren,162.0,5
2023,17,Alpine,76.0,6
2023,17,Williams,21.0,7
2023,17,Alfa Romeo,10.0,8
2023,17,Haas F1 Team,9.0,9
2023,17,AlphaTauri,5.0,10
2023,18,Red Bull Racing,613.0,1
2023,18,Mercedes,306.0,2
2023,18,Ferrari,269.0,3
2023,18,Aston Martin,216.0,4
2023,18,McLaren,195.0,5
2023,18,Alpine,82.0,6
2023,18,Williams,21.0,7
2023,18,Alfa Romeo,16.0,8
2023,18,Haas F1 Team,9.0,9
2023,18,AlphaTauri,5.0,10
2023,19,Red Bull Racing,650.0,1
2023,19,Mercedes,316.0,2
2023,19,Ferrari,284.0,3
2023,19,Aston Martin,222.0,4
2023,19,McLaren,213.0,5
2023,19,Alpine,90.0,6
2023,19,Williams,24.0,7
2023,19,Alfa Romeo,16.0,8
2023,19,AlphaTauri,10.0,9
2023,19,Haas F1 Team,9.0,10
2023,20,Red Bull Racing,675.0,1
2023,20,Mercedes,343.0,2
2023,20,Ferrari,311.0,3
2023,20,McLaren,227.0,4
2023,20,Aston Martin,222.0,5
2023,20,Alpine,91.0,6
2023,20,Williams,26.0,7
2023,20,Alfa Romeo,16.0,8
2023,20,AlphaTauri,16.0,8
2023,20,Haas F1 Team,9.0,10
2023,21,Red Bull Racing,712.0,1
2023,21,Mercedes,347.0,2
2023,21,Ferrari,319.0,3
2023,21,Aston Martin,247.0,4
2023,21,McLaren,246.0,5
2023,21,Alpine,98.0,6
2023,21,Williams,26.0,7
2023,21,AlphaTauri,18.0,8
2023,21,Alfa Romeo,16.0,9
2023,21,Haas F1 Team,9.0,10
2023,22,Red Bull Racing,752.0,1
2023,22,Mercedes,357.0,2
2023,22,Ferrari,345.0,3
2023,22,Aston Martin,259.0,4
2023,22,McLaren,248.0,5
2023,22,Alpine,110.0,6
2023,22,Williams,26.0,7
2023,22,AlphaTauri,18.0,8
2023,22,Alfa Romeo,16.0,9
2023,22,Haas F1 Team,9.0,10
2024,2,Red Bull Racing,44.0,1
2024,2,Ferrari,27.0,2
2024,2,Mercedes,16.0,3
2024,2,McLaren,12.0,4
2024,2,Aston Martin,3.0,5
2024,2,Kick Sauber,0.0,6
2024,2,Haas F1 Team,0.0,6
2024,2,RB,0.0,6
2024,2,Williams,0.0,6
2024,2,Alpine,0.0,6
2024,3,Red Bull Racing,87.0,1
2024,3,Ferrari,49.0,2
2024,3,McLaren,28.0,3
2024,3,Mercedes,26.0,4
2024,3,Aston Martin,13.0,5
2024,3,Haas F1 Team,1.0,6
2024,3,Kick Sauber,0.0,7
2024,3,RB,0.0,7
2024,3,Williams,0.0,7
2024,3,Alpine,0.0,7
2024,4,Red Bull Racing,97.0,1
2024,4,Ferrari,93.0,2
2024,4,McLaren,55.0,3
2024,4,Mercedes,26.0,4
2024,4,Aston Martin,25.0,5
2024,4,RB,6.0,6
2024,4,Haas F1 Team,4.0,7
2024,4,Kick Sauber,0.0,8
2024,4,Williams,0.0,8
2024,4,Alpine,0.0,8
2024,5,Red Bull Racing,141.0,1
2024,5,Ferrari,120.0,2
2024,5,McLaren,69.0,3
2024,5,Mercedes,34.0,4
2024,5,Aston Martin,33.0,5
2024,5,RB,7.0,6
2024,5,Haas F1 Team,4.0,7
2024,5,Kick Sauber,0.0,8
2024,5,Williams,0.0,8
2024,5,Alpine,0.0,8
2024,6,Red Bull Racing,181.0,1
2024,6,Ferrari,142.0,2
2024,6,McLaren,91.0,3
2024,6,Mercedes,44.0,4
2024,6,Aston Martin,40.0,5
2024,6,RB,7.0,6
2024,6,Haas F1 Team,5.0,7
2024,6,Kick Sauber,0.0,8
2024,6,Williams,0.0,8
2024,6,Alpine,0.0,8
2024,7,Red Bull Racing,211.0,1
2024,7,Ferrari,167.0,2
2024,7,McLaren,116.0,3
2024,7,Mercedes,56.0,4
2024,7,Aston Martin,42.0,5
2024,7,RB,13.0,6
2024,7,Haas F1 Team,5.0,7
2024,7,Alpine,1.0,8
2024,7,Kick Sauber,0.0,9
2024,7,Williams,0.0,9
2024,8,Red Bull Racing,240.0,1
2024,8,Ferrari,192.0,2
2024,8,McLaren,146.0,3
2024,8,Mercedes,71.0,4
2024,8,Aston Martin,44.0,5
2024,8,RB,14.0,6
2024,8,Haas F1 Team,5.0,7
2024,8,Alpine,1.0,8
2024,8,Kick Sauber,0.0,9
2024,8,Williams,0.0,9
2024,9,Red Bull Racing,248.0,1
2024,9,Ferrari,232.0,2
2024,9,McLaren,176.0,3
2024,9,Mercedes,88.0,4
2024,9,Aston Martin,44.0,5
2024,9,RB,18.0,6
2024,9,Haas F1 Team,5.0,7
2024,9,Williams,2.0,8
2024,9,Alpine,2.0,8
2024,9,Kick Sauber,0.0,10
2024,10,Red Bull Racing,273.0,1
2024,10,Ferrari,232.0,2
2024,10,McLaren,204.0,3
2024,10,Mercedes,116.0,4
2024,10,Aston Martin,58.0,5
2024,10,RB,22.0,6
2024,10,Haas F1 Team,5.0,7
2024,10,Alpine,5.0,7
2024,10,Williams,2.0,9
2024,10,Kick Sauber,0.0,10
2024,11,Red Bull Racing,302.0,1
2024,11,Ferrari,250.0,2
2024,11,McLaren,229.0,3
2024,11,Mercedes,143.0,4
2024,11,Aston Martin,58.0,5
2024,11,RB,22.0,6
2024,11,Alpine,8.0,7
2024,11,Haas F1 Team,5.0,8
2024,11,Williams,2.0,9
2024,11,Kick Sauber,0.0,10
2024,12,Red Bull Racing,318.0,1
2024,12,Ferrari,265.0,2
2024,12,McLaren,247.0,3
2024,12,Mercedes,180.0,4
2024,12,Aston Martin,58.0,5
2024,12,RB,24.0,6
2024,12,Haas F1 Team,17.0,7
2024,12,Alpine,9.0,8
2024,12,Williams,2.0,9
2024,12,Kick Sauber,0.0,10
2024,13,Red Bull Racing,336.0,1
2024,13,Ferrari,276.0,2
2024,13,McLaren,274.0,3
2024,13,Mercedes,205.0,4
2024,13,Aston Martin,68.0,5
2024,13,Haas F1 Team,25.0,6
2024,13,RB,25.0,6
2024,13,Alpine,9.0,8
2024,13,Williams,4.0,9
2024,13,Kick Sauber,0.0,10
2024,14,Red Bull Racing,352.0,1
2024,14,McLaren,317.0,2
2024,14,Ferrari,296.0,3
2024,14,Mercedes,225.0,4
2024,14,Aston Martin,69.0,5
2024,14,RB,27.0,6
2024,14,Haas F1 Team,25.0,7
2024,14,Alpine,9.0,8
2024,14,Williams,4.0,9
2024,14,Kick Sauber,0.0,10
2024,15,Red Bull Racing,371.0,1
2024,15,McLaren,345.0,2
2024,15,Ferrari,319.0,3
2024,15,Mercedes,250.0,4
2024,15,Aston Martin,73.0,5
2024,15,RB,28.0,6
2024,15,Haas F1 Team,25.0,7
2024,15,Alpine,11.0,8
2024,15,Williams,4.0,9
2024,15,Kick Sauber,0.0,10
2024,16,Red Bull Racing,397.0,1
2024,16,McLaren,383.0,2
2024,16,Ferrari,344.0,3
2024,16,Mercedes,260.0,4
2024,16,Aston Martin,74.0,5
2024,16,RB,28.0,6
2024,16,Haas F1 Team,25.0,7
2024,16,Alpine,13.0,8
2024,16,Williams,4.0,9
2024,16,Kick Sauber,0.0,10
2024,17,McLaren,417.0,1
2024,17,Red Bull Racing,409.0,2
2024,17,Ferrari,381.0,3
2024,17,Mercedes,276.0,4
2024,17,Aston Martin,74.0,5
2024,17,RB,28.0,6
2024,17,Haas F1 Team,26.0,7
2024,17,Alpine,13.0,8
2024,17,Williams,6.0,9
2024,17,Kick Sauber,0.0,10
2024,18,McLaren,455.0,1
2024,18,Red Bull Racing,419.0,2
2024,18,Ferrari,399.0,3
2024,18,Mercedes,293.0,4
2024,18,Aston Martin,82.0,5
2024,18,RB,28.0,6
2024,18,Haas F1 Team,27.0,7
2024,18,Williams,16.0,8
2024,18,Alpine,13.0,9
2024,18,Kick Sauber,0.0,10
2024,19,McLaren,495.0,1
2024,19,Red Bull Racing,438.0,2
2024,19,Ferrari,415.0,3
2024,19,Mercedes,313.0,4
2024,19,Aston Martin,86.0,5
2024,19,Haas F1 Team,29.0,6
2024,19,RB,28.0,7
2024,19,Williams,16.0,8
2024,19,Alpine,13.0,9
2024,19,Kick Sauber,0.0,10
2024,20,McLaren,517.0,1
2024,20,Red Bull Racing,459.0,2
2024,20,Ferrari,458.0,3
2024,20,Mercedes,321.0,4
2024,20,Aston Martin,86.0,5
2024,20,Haas F1 Team,33.0,6
2024,20,RB,30.0,7
2024,20,Williams,17.0,8
2024,20,Alpine,13.0,9
2024,20,Kick Sauber,0.0,10
2024,21,McLaren,539.0,1
2024,21,Ferrari,499.0,2
2024,21,Red Bull Racing,467.0,3
2024,21,Mercedes,343.0,4
2024,21,Aston Martin,86.0,5
2024,21,Haas F1 Team,41.0,6
2024,21,RB,30.0,7
2024,21,Williams,17.0,8
2024,21,Alpine,14.0,9
2024,21,Kick Sauber,0.0,10
2024,22,McLaren,551.0,1
2024,22,Ferrari,509.0,2
2024,22,Red Bull Racing,493.0,3
2024,22,Mercedes,356.0,4
2024,22,Aston Martin,86.0,5
2024,22,Alpine,47.0,6
2024,22,Haas F1 Team,41.0,7
2024,22,RB,38.0,8
2024,22,Williams,17.0,9
2024,22,Kick Sauber,0.0,10
2024,23,McLaren,566.0,1
2024,23,Ferrari,536.0,2
2024,23,Red Bull Racing,504.0,3
2024,23,Mercedes,399.0,4
2024,23,Aston Martin,86.0,5
2024,23,Alpine,47.0,6
2024,23,Haas F1 Team,45.0,7
2024,23,RB,40.0,8
2024,23,Williams,17.0,9
2024,23,Kick Sauber,0.0,10
2024,24,McLaren,583.0,1
2024,24,Ferrari,562.0,2
2024,24,Red Bull Racing,529.0,3
2024,24,Mercedes,411.0,4
2024,24,Aston Martin,92.0,5
2024,24,Alpine,57.0,6
2024,24,Haas F1 Team,47.0,7
2024,24,RB,40.0,8
2024,24,Williams,17.0,9
2024,24,Kick Sauber,4.0,10
2025,2,McLaren,27.0,1
2025,2,Mercedes,27.0,1
2025,2,Red Bull Racing,18.0,3
2025,2,Williams,10.0,4
2025,2,Aston Martin,8.0,5
2025,2,Kick Sauber,6.0,6
2025,2,Ferrari,5.0,7
2025,2,Alpine,0.0,8
2025,2,Racing Bulls,0.0,8
2025,2,Haas F1 Team,0.0,8
2025,3,McLaren,70.0,1
2025,3,Mercedes,50.0,2
2025,3,Red Bull Racing,30.0,3
2025,3,Williams,17.0,4
2025,3,Haas F1 Team,14.0,5
2025,3,Aston Martin,10.0,6
2025,3,Kick Sauber,6.0,7
2025,3,Ferrari,5.0,8
2025,3,Alpine,0.0,9
2025,3,Racing Bulls,0.0,9
2025,4,McLaren,103.0,1
2025,4,Mercedes,68.0,2
2025,4,Red Bull Racing,55.0,3
2025,4,Ferrari,23.0,4
2025,4,Williams,19.0,5
2025,4,Haas F1 Team,15.0,6
2025,4,Aston Martin,10.0,7
2025,4,Kick Sauber,6.0,8
2025,4,Racing Bulls,4.0,9
2025,4,Alpine,0.0,10
2025,5,McLaren,143.0,1
2025,5,Mercedes,86.0,2
2025,5,Red Bull Racing,65.0,3
2025,5,Ferrari,45.0,4
2025,5,Haas F1 Team,20.0,5
2025,5,Williams,19.0,6
2025,5,Aston Martin,10.0,7
2025,5,Kick Sauber,6.0,8
2025,5,Alpine,6.0,8
2025,5,Racing Bulls,4.0,10
2025,6,McLaren,180.0,1
2025,6,Mercedes,104.0,2
2025,6,Red Bull Racing,83.0,3
2025,6,Ferrari,66.0,4
2025,6,Williams,25.0,5
2025,6,Haas F1 Team,20.0,6
2025,6,Aston Martin,10.0,7
2025,6,Kick Sauber,6.0,8
2025,6,Alpine,6.0,8
2025,6,Racing Bulls,5.0,10
2025,7,McLaren,223.0,1
2025,7,Mercedes,127.0,2
2025,7,Red Bull Racing,96.0,3
2025,7,Ferrari,76.0,4
2025,7,Williams,37.0,5
2025,7,Haas F1 Team,20.0,6
2025,7,Aston Martin,10.0,7
2025,7,Kick Sauber,6.0,8
2025,7,Alpine,6.0,8
2025,7,Racing Bulls,5.0,10
2025,8,McLaren,256.0,1
2025,8,Mercedes,133.0,2
2025,8,Red Bull Racing,122.0,3
2025,8,Ferrari,96.0,4
2025,8,Williams,51.0,5
2025,8,Haas F1 Team,20.0,6
2025,8,Aston Martin,10.0,7
2025,8,Racing Bulls,7.0,8
2025,8,Kick Sauber,6.0,9
2025,8,Alpine,6.0,9
2025,9,McLaren,296.0,1
2025,9,Red Bull Racing,134.0,2
2025,9,Mercedes,133.0,3
2025,9,Ferrari,124.0,4
2025,9,Williams,54.0,5
2025,9,Haas F1 Team,26.0,6
2025,9,Racing Bulls,19.0,7
2025,9,Aston Martin,10.0,8
2025,9,Kick Sauber,6.0,9
2025,9,Alpine,6.0,9
2025,10,McLaren,339.0,1
2025,10,Ferrari,147.0,2
2025,10,Mercedes,145.0,3
2025,10,Red Bull Racing,135.0,4
2025,10,Williams,54.0,5
2025,10,Haas F1 Team,26.0,6
2025,10,Racing Bulls,25.0,7
2025,10,Kick Sauber,16.0,8
2025,10,Aston Martin,12.0,9
2025,10,Alpine,10.0,10
2025,11,McLaren,351.0,1
2025,11,Mercedes,185.0,2
2025,11,Ferrari,165.0,3
2025,11,Red Bull Racing,153.0,4
2025,11,Williams,55.0,5
2025,11,Haas F1 Team,28.0,6
2025,11,Racing Bulls,25.0,7
2025,11,Kick Sauber,20.0,8
2025,11,Aston Martin,18.0,9
2025,11,Alpine,10.0,10
2025,12,McLaren,394.0,1
2025,12,Mercedes,195.0,2
2025,12,Ferrari,192.0,3
2025,12,Red Bull Racing,153.0,4
2025,12,Williams,55.0,5
2025,12,Racing Bulls,33.0,6
2025,12,Haas F1 Team,29.0,7
2025,12,Kick Sauber,26.0,8
2025,12,Aston Martin,24.0,9
2025,12,Alpine,10.0,10
2025,13,McLaren,437.0,1
2025,13,Ferrari,204.0,2
2025,13,Mercedes,196.0,3
2025,13,Red Bull Racing,163.0,4
2025,13,Williams,59.0,5
2025,13,Kick Sauber,41.0,6
2025,13,Racing Bulls,33.0,7
2025,13,Aston Martin,32.0,8
2025,13,Haas F1 Team,29.0,9
2025,13,Alpine,18.0,10
2025,14,McLaren,480.0,1
2025,14,Ferrari,225.0,2
2025,14,Mercedes,206.0,3
2025,14,Red Bull Racing,175.0,4
2025,14,Williams,67.0,5
2025,14,Kick Sauber,43.0,6
2025,14,Racing Bulls,37.0,7
2025,14,Aston Martin,32.0,8
2025,14,Haas F1 Team,29.0,9
2025,14,Alpine,19.0,10
2025,15,McLaren,523.0,1
2025,15,Ferrari,237.0,2
2025,15,Mercedes,222.0,3
2025,15,Red Bull Racing,177.0,4
2025,15,Williams,67.0,5
2025,15,Kick Sauber,51.0,6
2025,15,Aston Martin,48.0,7
2025,15,Racing Bulls,41.0,8
2025,15,Haas F1 Team,29.0,9
2025,15,Alpine,19.0,10
2025,16,McLaren,548.0,1
2025,16,Ferrari,237.0,2
2025,16,Mercedes,234.0,3
2025,16,Red Bull Racing,197.0,4
2025,16,Williams,77.0,5
2025,16,Aston Martin,58.0,6
2025,16,Racing Bulls,56.0,7
2025,16,Kick Sauber,51.0,8
2025,16,Haas F1 Team,38.0,9
2025,16,Alpine,19.0,10
2025,17,McLaren,581.0,1
2025,17,Ferrari,257.0,2
2025,17,Mercedes,246.0,3
2025,17,Red Bull Racing,222.0,4
2025,17,Williams,83.0,5
2025,17,Aston Martin,58.0,6
2025,17,Racing Bulls,57.0,7
2025,17,Kick Sauber,55.0,8
2025,17,Haas F1 Team,38.0,9
2025,17,Alpine,19.0,10
2025,18,McLaren,587.0,1
2025,18,Mercedes,276.0,2
2025,18,Ferrari,263.0,3
2025,18,Red Bull Racing,255.0,4
2025,18,Williams,98.0,5
2025,18,Racing Bulls,68.0,6
2025,18,Aston Martin,58.0,7
2025,18,Kick Sauber,55.0,8
2025,18,Haas F1 Team,38.0,9
2025,18,Alpine,19.0,10
2025,19,McLaren,614.0,1
2025,19,Mercedes,311.0,2
2025,19,Ferrari,275.0,3
2025,19,Red Bull Racing,273.0,4
2025,19,Williams,99.0,5
2025,19,Racing Bulls,68.0,6
2025,19,Aston Martin,64.0,7
2025,19,Kick Sauber,55.0,8
2025,19,Haas F1 Team,40.0,9
2025,19,Alpine,19.0,10
2025,20,McLaren,642.0,1
2025,20,Mercedes,319.0,2
2025,20,Red Bull Racing,304.0,3
2025,20,Ferrari,302.0,4
2025,20,Williams,99.0,5
2025,20,Racing Bulls,68.0,6
2025,20,Aston Martin,65.0,7
2025,20,Kick Sauber,59.0,8
2025,20,Haas F1 Team,42.0,9
2025,20,Alpine,19.0,10
2025,21,McLaren,677.0,1
2025,21,Mercedes,333.0,2
2025,21,Ferrari,324.0,3
2025,21,Red Bull Racing,319.0,4
2025,21,Williams,99.0,5
2025,21,Racing Bulls,68.0,6
2025,21,Aston Martin,65.0,7
2025,21,Kick Sauber,60.0,8
2025,21,Haas F1 Team,56.0,9
2025,21,Alpine,19.0,10
2025,22,McLaren,712.0,1
2025,22,Mercedes,363.0,2
2025,22,Red Bull Racing,334.0,3
2025,22,Ferrari,324.0,4
2025,22,Williams,99.0,5
2025,22,Racing Bulls,78.0,6
2025,22,Aston Martin,65.0,7
2025,22,Haas F1 Team,64.0,8
2025,22,Kick Sauber,62.0,9
2025,22,Alpine,20.0,10
2025,23,McLaren,712.0,1
2025,23,Mercedes,396.0,2
2025,23,Red Bull Racing,359.0,3
2025,23,Ferrari,340.0,4
2025,23,Williams,109.0,5
2025,23,Racing Bulls,86.0,6
2025,23,Kick Sauber,68.0,7
2025,23,Haas F1 Team,67.0,8
2025,23,Aston Martin,65.0,9
2025,23,Alpine,20.0,10
2025,24,McLaren,742.0,1
2025,24,Mercedes,414.0,2
2025,24,Red Bull Racing,385.0,3
2025,24,Ferrari,344.0,4
2025,24,Williams,124.0,5
2025,24,Racing Bulls,88.0,6
2025,24,Aston Martin,71.0,7
2025,24,Kick Sauber,68.0,8
2025,24,Haas F1 Team,67.0,9
2025,24,Alpine,20.0,10
2026,2,Mercedes,43.0,1
2026,2,Ferrari,27.0,2
2026,2,McLaren,10.0,3
2026,2,Red Bull Racing,8.0,4
2026,2,Haas F1 Team,6.0,5
2026,2,Racing Bulls,4.0,6
2026,2,Audi,2.0,7
2026,2,Alpine,1.0,8
2026,2,Williams,0.0,9
2026,2,Cadillac,0.0,9
2026,2,Aston Martin,0.0,9
2026,3,Mercedes,86.0,1
2026,3,Ferrari,54.0,2
2026,3,Haas F1 Team,16.0,3
2026,3,Red Bull Racing,12.0,4
2026,3,McLaren,10.0,5
2026,3,Racing Bulls,10.0,5
2026,3,Alpine,10.0,5
2026,3,Audi,2.0,8
2026,3,Williams,2.0,8
2026,3,Cadillac,0.0,10
2026,3,Aston Martin,0.0,10
2026,4,Mercedes,123.0,1
2026,4,Ferrari,77.0,2
2026,4,McLaren,38.0,3
2026,4,Haas F1 Team,17.0,4
2026,4,Red Bull Racing,16.0,5
2026,4,Alpine,16.0,5
2026,4,Racing Bulls,12.0,7
2026,4,Audi,2.0,8
2026,4,Williams,2.0,8
2026,4,Cadillac,0.0,10
2026,4,Aston Martin,0.0,10
2026,5,Mercedes,160.0,1
2026,5,Ferrari,89.0,2
2026,5,McLaren,71.0,3
2026,5,Red Bull Racing,26.0,4
2026,5,Alpine,22.0,5
2026,5,Haas F1 Team,17.0,6
2026,5,Racing Bulls,12.0,7
2026,5,Williams,5.0,8
2026,5,Audi,2.0,9
2026,5,Cadillac,0.0,10
2026,5,Aston Martin,0.0,10
2026,6,Mercedes,185.0,1
2026,6,Ferrari,119.0,2
2026,6,McLaren,71.0,3
2026,6,Red Bull Racing,51.0,4
2026,6,Alpine,34.0,5
2026,6,Haas F1 Team,18.0,6
2026,6,Racing Bulls,18.0,6
2026,6,Williams,7.0,8
2026,6,Audi,2.0,9
2026,6,Cadillac,0.0,10
2026,6,Aston Martin,0.0,10
2026,7,Mercedes,210.0,1
2026,7,Ferrari,137.0,2
2026,7,McLaren,81.0,3
2026,7,Red Bull Racing,63.0,4
2026,7,Alpine,49.0,5
2026,7,Racing Bulls,32.0,6
2026,7,Haas F1 Team,20.0,7
2026,7,Williams,11.0,8
2026,7,Audi,2.0,9
2026,7,Aston Martin,1.0,10
2026,7,Cadillac,0.0,11
2026,8,Mercedes,228.0,1
2026,8,Ferrari,162.0,2
2026,8,McLaren,106.0,3
2026,8,Red Bull Racing,83.0,4
2026,8,Alpine,56.0,5
2026,8,Racing Bulls,38.0,6
2026,8,Haas F1 Team,20.0,7
2026,8,Williams,11.0,8
2026,8,Audi,2.0,9
2026,8,Aston Martin,1.0,10
2026,8,Cadillac,0.0,11
2026,9,Mercedes,268.0,1
2026,9,Ferrari,176.0,2
2026,9,McLaren,124.0,3
2026,9,Red Bull Racing,109.0,4
2026,9,Alpine,56.0,5
2026,9,Racing Bulls,41.0,6
2026,9,Haas F1 Team,20.0,7
2026,9,Williams,11.0,8
2026,9,Audi,2.0,9
2026,9,Aston Martin,1.0,10
2026,9,Cadillac,0.0,11
2026,10,Mercedes,286.0,1
2026,10,Ferrari,216.0,2
2026,10,McLaren,136.0,3
2026,10,Red Bull Racing,119.0,4
2026,10,Alpine,59.0,5
2026,10,Racing Bulls,55.0,6
2026,10,Haas F1 Team,20.0,7
2026,10,Williams,11.0,8
2026,10,Audi,6.0,9
2026,10,Aston Martin,1.0,10
2026,10,Cadillac,0.0,11
2026,11,Mercedes,311.0,1
2026,11,Ferrari,246.0,2
2026,11,McLaren,152.0,3
2026,11,Red Bull Racing,142.0,4
2026,11,Alpine,60.0,5
2026,11,Racing Bulls,57.0,6
2026,11,Haas F1 Team,20.0,7
2026,11,Williams,11.0,8
2026,11,Audi,10.0,9
2026,11,Aston Martin,1.0,10
2026,11,Cadillac,0.0,11
2026,12,Mercedes,332.0,1
2026,12,Ferrari,268.0,2
2026,12,McLaren,177.0,3
2026,12,Red Bull Racing,168.0,4
2026,12,Racing Bulls,62.0,5
2026,12,Alpine,60.0,6
2026,12,Haas F1 Team,20.0,7
2026,12,Audi,12.0,8
2026,12,Williams,11.0,9
2026,12,Aston Martin,1.0,10
2026,12,Cadillac,0.0,11
