Season,BeforeRound,DriverId,Points,Position
2018,2,vettel,25.0,1
2018,2,hamilton,18.0,2
2018,2,raikkonen,15.0,3
2018,2,ricciardo,12.0,4
2018,2,alonso,10.0,5
2018,2,max_verstappen,8.0,6
2018,2,hulkenberg,6.0,7
2018,2,bottas,4.0,8
2018,2,vandoorne,2.0,9
2018,2,sainz,1.0,10
2018,2,perez,0.0,11
2018,2,ocon,0.0,11
2018,2,leclerc,0.0,11
2018,2,stroll,0.0,11
2018,2,brendon_hartley,0.0,11
2018,2,grosjean,0.0,11
2018,2,kevin_magnussen,0.0,11
2018,2,gasly,0.0,11
2018,2,ericsson,0.0,11
2018,2,sirotkin,0.0,11
2018,3,vettel,50.0,1
2018,3,hamilton,33.0,2
2018,3,bottas,22.0,3
2018,3,alonso,16.0,4
2018,3,raikkonen,15.0,5
2018,3,hulkenberg,14.0,6
2018,3,ricciardo,12.0,7
2018,3,gasly,12.0,7
2018,3,kevin_magnussen,10.0,9
2018,3,max_verstappen,8.0,10
2018,3,vandoorne,6.0,11
2018,3,ericsson,2.0,12
2018,3,sainz,1.0,13
2018,3,ocon,1.0,13
2018,3,perez,0.0,15
2018,3,leclerc,0.0,15
2018,3,stroll,0.0,15
2018,3,brendon_hartley,0.0,15
2018,3,grosjean,0.0,15
2018,3,sirotkin,0.0,15
2018,4,vettel,54.0,1
2018,4,hamilton,45.0,2
2018,4,bottas,40.0,3
2018,4,ricciardo,37.0,4
2018,4,raikkonen,30.0,5
2018,4,alonso,22.0,6
2018,4,hulkenberg,22.0,6
2018,4,max_verstappen,18.0,8
2018,4,gasly,12.0,9
2018,4,kevin_magnussen,11.0,10
2018,4,vandoorne,6.0,11
2018,4,sainz,3.0,12
2018,4,ericsson,2.0,13
2018,4,ocon,1.0,14
2018,4,perez,0.0,15
2018,4,leclerc,0.0,15
2018,4,stroll,0.0,15
2018,4,brendon_hartley,0.0,15
2018,4,grosjean,0.0,15
2018,4,sirotkin,0.0,15
2018,5,hamilton,70.0,1
2018,5,vettel,66.0,2
2018,5,raikkonen,48.0,3
2018,5,bottas,40.0,4
2018,5,ricciardo,37.0,5
2018,5,alonso,28.0,6
2018,5,hulkenberg,22.0,7
2018,5,max_verstappen,18.0,8
2018,5,perez,15.0,9
2018,5,sainz,13.0,10
2018,5,gasly,12.0,11
2018,5,kevin_magnussen,11.0,12
2018,5,vandoorne,8.0,13
2018,5,leclerc,8.0,13
2018,5,stroll,4.0,15
2018,5,ericsson,2.0,16
2018,5,ocon,1.0,17
2018,5,brendon_hartley,1.0,17
2018,5,grosjean,0.0,19
2018,5,sirotkin,0.0,19
2018,6,hamilton,95.0,1
2018,6,vettel,78.0,2
2018,6,bottas,58.0,3
2018,6,raikkonen,48.0,4
2018,6,ricciardo,47.0,5
2018,6,max_verstappen,33.0,6
2018,6,alonso,32.0,7
2018,6,hulkenberg,22.0,8
2018,6,sainz,19.0,9
2018,6,kevin_magnussen,19.0,9
2018,6,perez,17.0,11
2018,6,gasly,12.0,12
2018,6,leclerc,9.0,13
2018,6,vandoorne,8.0,14
2018,6,stroll,4.0,15
2018,6,ericsson,2.0,16
2018,6,ocon,1.0,17
2018,6,brendon_hartley,1.0,17
2018,6,grosjean,0.0,19
2018,6,sirotkin,0.0,19
2018,7,hamilton,110.0,1
2018,7,vettel,96.0,2
2018,7,ricciardo,72.0,3
2018,7,bottas,68.0,4
2018,7,raikkonen,60.0,5
2018,7,max_verstappen,35.0,6
2018,7,alonso,32.0,7
2018,7,hulkenberg,26.0,8
2018,7,sainz,20.0,9
2018,7,kevin_magnussen,19.0,10
2018,7,gasly,18.0,11
2018,7,perez,17.0,12
2018,7,ocon,9.0,13
2018,7,leclerc,9.0,13
2018,7,vandoorne,8.0,15
2018,7,stroll,4.0,16
2018,7,ericsson,2.0,17
2018,7,brendon_hartley,1.0,18
2018,7,grosjean,0.0,19
2018,7,sirotkin,0.0,19
2018,8,vettel,121.0,1
2018,8,hamilton,120.0,2
2018,8,bottas,86.0,3
2018,8,ricciardo,84.0,4
2018,8,raikkonen,68.0,5
2018,8,max_verstappen,50.0,6
2018,8,alonso,32.0,7
2018,8,hulkenberg,32.0,7
2018,8,sainz,24.0,9
2018,8,kevin_magnussen,19.0,10
2018,8,gasly,18.0,11
2018,8,perez,17.0,12
2018,8,ocon,11.0,13
2018,8,leclerc,10.0,14
2018,8,vandoorne,8.0,15
2018,8,stroll,4.0,16
2018,8,ericsson,2.0,17
2018,8,brendon_hartley,1.0,18
2018,8,grosjean,0.0,19
2018,8,sirotkin,0.0,19
2018,9,hamilton,145.0,1
2018,9,vettel,131.0,2
2018,9,ricciardo,96.0,3
2018,9,bottas,92.0,4
2018,9,raikkonen,83.0,5
2018,9,max_verstappen,68.0,6
2018,9,hulkenberg,34.0,7
2018,9,alonso,32.0,8
2018,9,sainz,28.0,9
2018,9,kevin_magnussen,27.0,10
2018,9,gasly,18.0,11
2018,9,perez,17.0,12
2018,9,ocon,11.0,13
2018,9,leclerc,11.0,13
2018,9,vandoorne,8.0,15
2018,9,stroll,4.0,16
2018,9,ericsson,2.0,17
2018,9,brendon_hartley,1.0,18
2018,9,grosjean,0.0,19
2018,9,sirotkin,0.0,19
2018,10,vettel,146.0,1
2018,10,hamilton,145.0,2
2018,10,raikkonen,101.0,3
2018,10,ricciardo,96.0,4
2018,10,max_verstappen,93.0,5
2018,10,bottas,92.0,6
2018,10,kevin_magnussen,37.0,7
2018,10,alonso,36.0,8
2018,10,hulkenberg,34.0,9
2018,10,sainz,28.0,10
2018,10,perez,23.0,11
2018,10,ocon,19.0,12
2018,10,gasly,18.0,13
2018,10,leclerc,13.0,14
2018,10,grosjean,12.0,15
2018,10,vandoorne,8.0,16
2018,10,stroll,4.0,17
2018,10,ericsson,3.0,18
2018,10,brendon_hartley,1.0,19
2018,10,sirotkin,0.0,20
2018,11,vettel,171.0,1
2018,11,hamilton,163.0,2
2018,11,raikkonen,116.0,3
2018,11,ricciardo,106.0,4
2018,11,bottas,104.0,5
2018,11,max_verstappen,93.0,6
2018,11,hulkenberg,42.0,7
2018,11,alonso,40.0,8
2018,11,kevin_magnussen,39.0,9
2018,11,sainz,28.0,10
2018,11,ocon,25.0,11
2018,11,perez,24.0,12
2018,11,gasly,18.0,13
2018,11,leclerc,13.0,14
2018,11,grosjean,12.0,15
2018,11,vandoorne,8.0,16
2018,11,stroll,4.0,17
2018,11,ericsson,3.0,18
2018,11,brendon_hartley,1.0,19
2018,11,sirotkin,0.0,20
2018,12,hamilton,188.0,1
2018,12,vettel,171.0,2
2018,12,raikkonen,131.0,3
2018,12,bottas,122.0,4
2018,12,ricciardo,106.0,5
2018,12,max_verstappen,105.0,6
2018,12,hulkenberg,52.0,7
2018,12,alonso,40.0,8
2018,12,kevin_magnussen,39.0,9
2018,12,perez,30.0,10
2018,12,ocon,29.0,11
2018,12,sainz,28.0,12
2018,12,grosjean,20.0,13
2018,12,gasly,18.0,14
2018,12,leclerc,13.0,15
2018,12,vandoorne,8.0,16
2018,12,ericsson,5.0,17
2018,12,stroll,4.0,18
2018,12,brendon_hartley,2.0,19
2018,12,sirotkin,0.0,20
2018,13,hamilton,213.0,1
2018,13,vettel,189.0,2
2018,13,raikkonen,146.0,3
2018,13,bottas,132.0,4
2018,13,ricciardo,118.0,5
2018,13,max_verstappen,105.0,6
2018,13,hulkenberg,52.0,7
2018,13,kevin_magnussen,45.0,8
2018,13,alonso,44.0,9
2018,13,sainz,30.0,10
2018,13,perez,30.0,10
2018,13,ocon,29.0,12
2018,13,gasly,26.0,13
2018,13,grosjean,21.0,14
2018,13,leclerc,13.0,15
2018,13,vandoorne,8.0,16
2018,13,ericsson,5.0,17
2018,13,stroll,4.0,18
2018,13,brendon_hartley,2.0,19
2018,13,sirotkin,0.0,20
2018,14,hamilton,231.0,1
2018,14,vettel,214.0,2
2018,14,raikkonen,146.0,3
2018,14,bottas,144.0,4
2018,14,max_verstappen,120.0,5
2018,14,ricciardo,118.0,6
2018,14,hulkenberg,52.0,7
2018,14,kevin_magnussen,49.0,8
2018,14,alonso,44.0,9
2018,14,perez,40.0,10
2018,14,ocon,37.0,11
2018,14,sainz,30.0,12
2018,14,gasly,28.0,13
2018,14,grosjean,27.0,14
2018,14,leclerc,13.0,15
2018,14,vandoorne,8.0,16
2018,14,ericsson,6.0,17
2018,14,stroll,4.0,18
2018,14,brendon_hartley,2.0,19
2018,14,sirotkin,0.0,20
2018,15,hamilton,256.0,1
2018,15,vettel,226.0,2
2018,15,raikkonen,164.0,3
2018,15,bottas,159.0,4
2018,15,max_verstappen,130.0,5
2018,15,ricciardo,118.0,6
2018,15,hulkenberg,52.0,7
2018,15,kevin_magnussen,49.0,8
2018,15,perez,46.0,9
2018,15,ocon,45.0,10
2018,15,alonso,44.0,11
2018,15,sainz,34.0,12
2018,15,gasly,28.0,13
2018,15,grosjean,27.0,14
2018,15,leclerc,13.0,15
2018,15,vandoorne,8.0,16
2018,15,stroll,6.0,17
2018,15,ericsson,6.0,17
2018,15,brendon_hartley,2.0,19
2018,15,sirotkin,1.0,20
2018,16,hamilton,281.0,1
2018,16,vettel,241.0,2
2018,16,raikkonen,174.0,3
2018,16,bottas,171.0,4
2018,16,max_verstappen,148.0,5
2018,16,ricciardo,126.0,6
2018,16,hulkenberg,53.0,7
2018,16,alonso,50.0,8
2018,16,kevin_magnussen,49.0,9
2018,16,perez,46.0,10
2018,16,ocon,45.0,11
2018,16,sainz,38.0,12
2018,16,gasly,28.0,13
2018,16,grosjean,27.0,14
2018,16,leclerc,15.0,15
2018,16,vandoorne,8.0,16
2018,16,stroll,6.0,17
2018,16,ericsson,6.0,17
2018,16,brendon_hartley,2.0,19
2018,16,sirotkin,1.0,20
2018,17,hamilton,306.0,1
2018,17,vettel,256.0,2
2018,17,bottas,189.0,3
2018,17,raikkonen,186.0,4
2018,17,max_verstappen,158.0,5
2018,17,ricciardo,134.0,6
2018,17,hulkenberg,53.0,7
2018,17,kevin_magnussen,53.0,7
2018,17,alonso,50.0,9
2018,17,perez,47.0,10
2018,17,ocon,47.0,10
2018,17,sainz,38.0,12
2018,17,gasly,28.0,13
2018,17,grosjean,27.0,14
2018,17,leclerc,21.0,15
2018,17,vandoorne,8.0,16
2018,17,stroll,6.0,17
2018,17,ericsson,6.0,17
2018,17,brendon_hartley,2.0,19
2018,17,sirotkin,1.0,20
2018,18,hamilton,331.0,1
2018,18,vettel,264.0,2
2018,18,bottas,207.0,3
2018,18,raikkonen,196.0,4
2018,18,max_verstappen,173.0,5
2018,18,ricciardo,146.0,6
2018,18,hulkenberg,53.0,7
2018,18,perez,53.0,7
2018,18,kevin_magnussen,53.0,7
2018,18,alonso,50.0,10
2018,18,ocon,49.0,11
2018,18,sainz,39.0,12
2018,18,grosjean,31.0,13
2018,18,gasly,28.0,14
2018,18,leclerc,21.0,15
2018,18,vandoorne,8.0,16
2018,18,stroll,6.0,17
2018,18,ericsson,6.0,17
2018,18,brendon_hartley,2.0,19
2018,18,sirotkin,1.0,20
2018,19,hamilton,346.0,1
2018,19,vettel,276.0,2
2018,19,raikkonen,221.0,3
2018,19,bottas,217.0,4
2018,19,max_verstappen,191.0,5
2018,19,ricciardo,146.0,6
2018,19,hulkenberg,61.0,7
2018,19,perez,57.0,8
2018,19,kevin_magnussen,53.0,9
2018,19,alonso,50.0,10
2018,19,ocon,49.0,11
2018,19,sainz,45.0,12
2018,19,grosjean,31.0,13
2018,19,gasly,28.0,14
2018,19,leclerc,21.0,15
2018,19,vandoorne,8.0,16
2018,19,ericsson,7.0,17
2018,19,stroll,6.0,18
2018,19,brendon_hartley,4.0,19
2018,19,sirotkin,1.0,20
2018,20,hamilton,358.0,1
2018,20,vettel,294.0,2
2018,20,raikkonen,236.0,3
2018,20,bottas,227.0,4
2018,20,max_verstappen,216.0,5
2018,20,ricciardo,146.0,6
2018,20,hulkenberg,69.0,7
2018,20,perez,57.0,8
2018,20,kevin_magnussen,53.0,9
2018,20,alonso,50.0,10
2018,20,ocon,49.0,11
2018,20,sainz,45.0,12
2018,20,grosjean,31.0,13
2018,20,gasly,29.0,14
2018,20,leclerc,27.0,15
2018,20,vandoorne,12.0,16
2018,20,ericsson,9.0,17
2018,20,stroll,6.0,18
2018,20,brendon_hartley,4.0,19
2018,20,sirotkin,1.0,20
2018,21,hamilton,383.0,1
2018,21,vettel,302.0,2
2018,21,raikkonen,251.0,3
2018,21,bottas,237.0,4
2018,21,max_verstappen,234.0,5
2018,21,ricciardo,158.0,6
2018,21,hulkenberg,69.0,7
2018,21,perez,58.0,8
2018,21,kevin_magnussen,55.0,9
2018,21,alonso,50.0,10
2018,21,ocon,49.0,11
2018,21,sainz,45.0,12
2018,21,grosjean,35.0,13
2018,21,leclerc,33.0,14
2018,21,gasly,29.0,15
2018,21,vandoorne,12.0,16
2018,21,ericsson,9.0,17
2018,21,stroll,6.0,18
2018,21,brendon_hartley,4.0,19
2018,21,sirotkin,1.0,20
2019,2,bottas,26.0,1
2019,2,hamilton,18.0,2
2019,2,max_verstappen,15.0,3
2019,2,vettel,12.0,4
2019,2,leclerc,10.0,5
2019,2,kevin_magnussen,8.0,6
2019,2,hulkenberg,6.0,7
2019,2,raikkonen,4.0,8
2019,2,stroll,2.0,9
2019,2,kvyat,1.0,10
2019,2,gasly,0.0,11
2019,2,norris,0.0,11
2019,2,perez,0.0,11
2019,2,albon,0.0,11
2019,2,giovinazzi,0.0,11
2019,2,russell,0.0,11
2019,2,kubica,0.0,11
2019,2,grosjean,0.0,11
2019,2,ricciardo,0.0,11
2019,2,sainz,0.0,11
2019,3,bottas,44.0,1
2019,3,hamilton,43.0,2
2019,3,max_verstappen,27.0,3
2019,3,leclerc,26.0,4
2019,3,vettel,22.0,5
2019,3,raikkonen,10.0,6
2019,3,kevin_magnussen,8.0,7
2019,3,norris,8.0,7
2019,3,hulkenberg,6.0,9
2019,3,gasly,4.0,10
2019,3,stroll,2.0,11
2019,3,albon,2.0,11
2019,3,kvyat,1.0,13
2019,3,perez,1.0,13
2019,3,giovinazzi,0.0,15
2019,3,russell,0.0,15
2019,3,kubica,0.0,15
2019,3,grosjean,0.0,15
2019,3,ricciardo,0.0,15
2019,3,sainz,0.0,15
2019,4,hamilton,68.0,1
2019,4,bottas,62.0,2
2019,4,max_verstappen,39.0,3
2019,4,vettel,37.0,4
2019,4,leclerc,36.0,5
2019,4,gasly,13.0,6
2019,4,raikkonen,12.0,7
2019,4,kevin_magnussen,8.0,8
2019,4,norris,8.0,8
2019,4,hulkenberg,6.0,10
2019,4,ricciardo,6.0,10
2019,4,perez,5.0,12
2019,4,albon,3.0,13
2019,4,stroll,2.0,14
2019,4,kvyat,1.0,15
2019,4,giovinazzi,0.0,16
2019,4,russell,0.0,16
2019,4,kubica,0.0,16
2019,4,grosjean,0.0,16
2019,4,sainz,0.0,16
2019,5,bottas,87.0,1
2019,5,hamilton,86.0,2
2019,5,vettel,52.0,3
2019,5,max_verstappen,51.0,4
2019,5,leclerc,47.0,5
2019,5,raikkonen,13.0,6
2019,5,gasly,13.0,6
2019,5,perez,13.0,6
2019,5,norris,12.0,9
2019,5,kevin_magnussen,8.0,10
2019,5,hulkenberg,6.0,11
2019,5,ricciardo,6.0,11
2019,5,sainz,6.0,11
2019,5,stroll,4.0,14
2019,5,albon,3.0,15
2019,5,kvyat,1.0,16
2019,5,giovinazzi,0.0,17
2019,5,russell,0.0,17
2019,5,kubica,0.0,17
2019,5,grosjean,0.0,17
2019,6,hamilton,112.0,1
2019,6,bottas,105.0,2
2019,6,max_verstappen,66.0,3
2019,6,vettel,64.0,4
2019,6,leclerc,57.0,5
2019,6,gasly,21.0,6
2019,6,kevin_magnussen,14.0,7
2019,6,raikkonen,13.0,8
2019,6,perez,13.0,8
2019,6,norris,12.0,10
2019,6,sainz,10.0,11
2019,6,hulkenberg,6.0,12
2019,6,ricciardo,6.0,12
2019,6,stroll,4.0,14
2019,6,kvyat,3.0,15
2019,6,albon,3.0,15
2019,6,grosjean,1.0,17
2019,6,giovinazzi,0.0,18
2019,6,russell,0.0,18
2019,6,kubica,0.0,18
2019,7,hamilton,137.0,1
2019,7,bottas,120.0,2
2019,7,vettel,82.0,3
2019,7,max_verstappen,78.0,4
2019,7,leclerc,57.0,5
2019,7,gasly,32.0,6
2019,7,sainz,18.0,7
2019,7,kevin_magnussen,14.0,8
2019,7,raikkonen,13.0,9
2019,7,perez,13.0,9
2019,7,norris,12.0,11
2019,7,kvyat,9.0,12
2019,7,ricciardo,8.0,13
2019,7,albon,7.0,14
2019,7,hulkenberg,6.0,15
2019,7,stroll,4.0,16
2019,7,grosjean,2.0,17
2019,7,giovinazzi,0.0,18
2019,7,russell,0.0,18
2019,7,kubica,0.0,18
2019,8,hamilton,162.0,1
2019,8,bottas,133.0,2
2019,8,vettel,100.0,3
2019,8,max_verstappen,88.0,4
2019,8,leclerc,72.0,5
2019,8,gasly,36.0,6
2019,8,sainz,18.0,7
2019,8,ricciardo,16.0,8
2019,8,kevin_magnussen,14.0,9
2019,8,raikkonen,13.0,10
2019,8,perez,13.0,10
2019,8,hulkenberg,12.0,12
2019,8,norris,12.0,12
2019,8,kvyat,10.0,14
2019,8,albon,7.0,15
2019,8,stroll,6.0,16
2019,8,grosjean,2.0,17
2019,8,giovinazzi,0.0,18
2019,8,russell,0.0,18
2019,8,kubica,0.0,18
2019,9,hamilton,187.0,1
2019,9,bottas,151.0,2
2019,9,vettel,111.0,3
2019,9,max_verstappen,100.0,4
2019,9,leclerc,87.0,5
2019,9,gasly,37.0,6
2019,9,sainz,26.0,7
2019,9,raikkonen,19.0,8
2019,9,hulkenberg,16.0,9
2019,9,ricciardo,16.0,9
2019,9,kevin_magnussen,14.0,11
2019,9,norris,14.0,11
2019,9,perez,13.0,13
2019,9,kvyat,10.0,14
2019,9,albon,7.0,15
2019,9,stroll,6.0,16
2019,9,grosjean,2.0,17
2019,9,giovinazzi,0.0,18
2019,9,russell,0.0,18
2019,9,kubica,0.0,18
2019,10,hamilton,197.0,1
2019,10,bottas,166.0,2
2019,10,max_verstappen,126.0,3
2019,10,vettel,123.0,4
2019,10,leclerc,105.0,5
2019,10,gasly,43.0,6
2019,10,sainz,30.0,7
2019,10,norris,22.0,8
2019,10,raikkonen,21.0,9
2019,10,hulkenberg,16.0,10
2019,10,ricciardo,16.0,10
2019,10,kevin_magnussen,14.0,12
2019,10,perez,13.0,13
2019,10,kvyat,10.0,14
2019,10,albon,7.0,15
2019,10,stroll,6.0,16
2019,10,grosjean,2.0,17
2019,10,giovinazzi,1.0,18
2019,10,russell,0.0,19
2019,10,kubica,0.0,19
2019,11,hamilton,223.0,1
2019,11,bottas,184.0,2
2019,11,max_verstappen,136.0,3
2019,11,vettel,123.0,4
2019,11,leclerc,120.0,5
2019,11,gasly,55.0,6
2019,11,sainz,38.0,7
2019,11,raikkonen,25.0,8
2019,11,norris,22.0,9
2019,11,ricciardo,22.0,9
2019,11,hulkenberg,17.0,11
2019,11,kevin_magnussen,14.0,12
2019,11,perez,13.0,13
2019,11,kvyat,12.0,14
2019,11,albon,7.0,15
2019,11,stroll,6.0,16
2019,11,grosjean,2.0,17
2019,11,giovinazzi,1.0,18
2019,11,russell,0.0,19
2019,11,kubica,0.0,19
2019,12,hamilton,225.0,1
2019,12,bottas,184.0,2
2019,12,max_verstappen,162.0,3
2019,12,vettel,141.0,4
2019,12,leclerc,120.0,5
2019,12,gasly,55.0,6
2019,12,sainz,48.0,7
2019,12,kvyat,27.0,8
2019,12,raikkonen,25.0,9
2019,12,norris,22.0,10
2019,12,ricciardo,22.0,10
2019,12,kevin_magnussen,18.0,12
2019,12,stroll,18.0,12
2019,12,hulkenberg,17.0,14
2019,12,albon,15.0,15
2019,12,perez,13.0,16
2019,12,grosjean,8.0,17
2019,12,giovinazzi,1.0,18
2019,12,kubica,1.0,18
2019,12,russell,0.0,20
2019,13,hamilton,250.0,1
2019,13,bottas,188.0,2
2019,13,max_verstappen,181.0,3
2019,13,vettel,156.0,4
2019,13,leclerc,132.0,5
2019,13,gasly,63.0,6
2019,13,sainz,58.0,7
2019,13,raikkonen,31.0,8
2019,13,kvyat,27.0,9
2019,13,norris,24.0,10
2019,13,ricciardo,22.0,11
2019,13,kevin_magnussen,18.0,12
2019,13,stroll,18.0,12
2019,13,hulkenberg,17.0,14
2019,13,albon,16.0,15
2019,13,perez,13.0,16
2019,13,grosjean,8.0,17
2019,13,giovinazzi,1.0,18
2019,13,kubica,1.0,18
2019,13,russell,0.0,20
2019,14,hamilton,268.0,1
2019,14,bottas,203.0,2
2019,14,max_verstappen,181.0,3
2019,14,vettel,169.0,4
2019,14,leclerc,157.0,5
2019,14,gasly,65.0,6
2019,14,sainz,58.0,7
2019,14,kvyat,33.0,8
2019,14,raikkonen,31.0,9
2019,14,albon,26.0,10
2019,14,norris,24.0,11
2019,14,ricciardo,22.0,12
2019,14,hulkenberg,21.0,13
2019,14,perez,21.0,13
2019,14,stroll,19.0,15
2019,14,kevin_magnussen,18.0,16
2019,14,grosjean,8.0,17
2019,14,giovinazzi,1.0,18
2019,14,kubica,1.0,18
2019,14,russell,0.0,20
2019,15,hamilton,284.0,1
2019,15,bottas,221.0,2
2019,15,max_verstappen,185.0,3
2019,15,leclerc,182.0,4
2019,15,vettel,169.0,5
2019,15,gasly,65.0,6
2019,15,sainz,58.0,7
2019,15,albon,34.0,8
2019,15,ricciardo,34.0,8
2019,15,kvyat,33.0,10
2019,15,hulkenberg,31.0,11
2019,15,raikkonen,31.0,11
2019,15,perez,27.0,13
2019,15,norris,25.0,14
2019,15,stroll,19.0,15
2019,15,kevin_magnussen,18.0,16
2019,15,grosjean,8.0,17
2019,15,giovinazzi,3.0,18
2019,15,kubica,1.0,19
2019,15,russell,0.0,20
2019,16,hamilton,296.0,1
2019,16,bottas,231.0,2
2019,16,max_verstappen,200.0,3
2019,16,leclerc,200.0,3
2019,16,vettel,194.0,5
2019,16,gasly,69.0,6
2019,16,sainz,58.0,7
2019,16,albon,42.0,8
2019,16,ricciardo,34.0,9
2019,16,hulkenberg,33.0,10
2019,16,kvyat,33.0,10
2019,16,raikkonen,31.0,12
2019,16,norris,31.0,12
2019,16,perez,27.0,14
2019,16,stroll,19.0,15
2019,16,kevin_magnussen,18.0,16
2019,16,grosjean,8.0,17
2019,16,giovinazzi,4.0,18
2019,16,kubica,1.0,19
2019,16,russell,0.0,20
2019,17,hamilton,322.0,1
2019,17,bottas,249.0,2
2019,17,leclerc,215.0,3
2019,17,max_verstappen,212.0,4
2019,17,vettel,194.0,5
2019,17,gasly,69.0,6
2019,17,sainz,66.0,7
2019,17,albon,52.0,8
2019,17,norris,35.0,9
2019,17,hulkenberg,34.0,10
2019,17,ricciardo,34.0,10
2019,17,kvyat,33.0,12
2019,17,perez,33.0,12
2019,17,raikkonen,31.0,14
2019,17,kevin_magnussen,20.0,15
2019,17,stroll,19.0,16
2019,17,grosjean,8.0,17
2019,17,giovinazzi,4.0,18
2019,17,kubica,1.0,19
2019,17,russell,0.0,20
2019,18,hamilton,338.0,1
2019,18,bottas,274.0,2
2019,18,leclerc,223.0,3
2019,18,max_verstappen,212.0,4
2019,18,vettel,212.0,4
2019,18,sainz,76.0,6
2019,18,gasly,75.0,7
2019,18,albon,64.0,8
2019,18,perez,37.0,9
2019,18,norris,35.0,10
2019,18,hulkenberg,34.0,11
2019,18,kvyat,34.0,11
2019,18,ricciardo,34.0,11
2019,18,raikkonen,31.0,14
2019,18,stroll,21.0,15
2019,18,kevin_magnussen,20.0,16
2019,18,grosjean,8.0,17
2019,18,giovinazzi,4.0,18
2019,18,kubica,1.0,19
2019,18,russell,0.0,20
2019,19,hamilton,363.0,1
2019,19,bottas,289.0,2
2019,19,leclerc,236.0,3
2019,19,vettel,230.0,4
2019,19,max_verstappen,220.0,5
2019,19,gasly,77.0,6
2019,19,sainz,76.0,7
2019,19,albon,74.0,8
2019,19,perez,43.0,9
2019,19,ricciardo,38.0,10
2019,19,hulkenberg,35.0,11
2019,19,norris,35.0,11
2019,19,kvyat,34.0,13
2019,19,raikkonen,31.0,14
2019,19,stroll,21.0,15
2019,19,kevin_magnussen,20.0,16
2019,19,grosjean,8.0,17
2019,19,giovinazzi,4.0,18
2019,19,kubica,1.0,19
2019,19,russell,0.0,20
2019,20,hamilton,381.0,1
2019,20,bottas,314.0,2
2019,20,leclerc,249.0,3
2019,20,max_verstappen,235.0,4
2019,20,vettel,230.0,5
2019,20,albon,84.0,6
2019,20,sainz,80.0,7
2019,20,gasly,77.0,8
2019,20,ricciardo,46.0,9
2019,20,perez,44.0,10
2019,20,norris,41.0,11
2019,20,hulkenberg,37.0,12
2019,20,kvyat,34.0,13
2019,20,raikkonen,31.0,14
2019,20,stroll,21.0,15
2019,20,kevin_magnussen,20.0,16
2019,20,grosjean,8.0,17
2019,20,giovinazzi,4.0,18
2019,20,kubica,1.0,19
2019,20,russell,0.0,20
2019,21,hamilton,387.0,1
2019,21,bottas,314.0,2
2019,21,max_verstappen,260.0,3
2019,21,leclerc,249.0,4
2019,21,vettel,230.0,5
2019,21,gasly,95.0,6
2019,21,sainz,95.0,6
2019,21,albon,84.0,8
2019,21,ricciardo,54.0,9
2019,21,perez,46.0,10
2019,21,norris,45.0,11
2019,21,raikkonen,43.0,12
2019,21,hulkenberg,37.0,13
2019,21,kvyat,35.0,14
2019,21,stroll,21.0,15
2019,21,kevin_magnussen,20.0,16
2019,21,giovinazzi,14.0,17
2019,21,grosjean,8.0,18
2019,21,kubica,1.0,19
2019,21,russell,0.0,20
2020,2,bottas,25.0,1
2020,2,leclerc,18.0,2
2020,2,norris,16.0,3
2020,2,hamilton,12.0,4
2020,2,sainz,10.0,5
2020,2,perez,8.0,6
2020,2,gasly,6.0,7
2020,2,ocon,4.0,8
2020,2,giovinazzi,2.0,9
2020,2,vettel,1.0,10
2020,2,latifi,0.0,11
2020,2,kvyat,0.0,11
2020,2,albon,0.0,11
2020,2,raikkonen,0.0,11
2020,2,russell,0.0,11
2020,2,grosjean,0.0,11
2020,2,kevin_magnussen,0.0,11
2020,2,stroll,0.0,11
2020,2,ricciardo,0.0,11
2020,2,max_verstappen,0.0,11
2020,3,bottas,43.0,1
2020,3,hamilton,37.0,2
2020,3,norris,26.0,3
2020,3,leclerc,18.0,4
2020,3,perez,16.0,5
2020,3,max_verstappen,15.0,6
2020,3,sainz,13.0,7
2020,3,albon,12.0,8
2020,3,gasly,6.0,9
2020,3,stroll,6.0,9
2020,3,ocon,4.0,11
2020,3,ricciardo,4.0,11
2020,3,giovinazzi,2.0,13
2020,3,vettel,1.0,14
2020,3,kvyat,1.0,14
2020,3,latifi,0.0,16
2020,3,raikkonen,0.0,16
2020,3,russell,0.0,16
2020,3,grosjean,0.0,16
2020,3,kevin_magnussen,0.0,16
2020,4,hamilton,63.0,1
2020,4,bottas,58.0,2
2020,4,max_verstappen,33.0,3
2020,4,norris,26.0,4
2020,4,perez,22.0,5
2020,4,albon,22.0,5
2020,4,leclerc,18.0,7
2020,4,stroll,18.0,7
2020,4,sainz,15.0,9
2020,4,vettel,9.0,10
2020,4,ricciardo,8.0,11
2020,4,gasly,6.0,12
2020,4,ocon,4.0,13
2020,4,giovinazzi,2.0,14
2020,4,kvyat,1.0,15
2020,4,kevin_magnussen,1.0,15
2020,4,latifi,0.0,17
2020,4,raikkonen,0.0,17
2020,4,russell,0.0,17
2020,4,grosjean,0.0,17
2020,5,hamilton,88.0,1
2020,5,bottas,58.0,2
2020,5,max_verstappen,52.0,3
2020,5,norris,36.0,4
2020,5,leclerc,33.0,5
2020,5,albon,26.0,6
2020,5,perez,22.0,7
2020,5,stroll,20.0,8
2020,5,ricciardo,20.0,8
2020,5,sainz,15.0,10
2020,5,gasly,12.0,11
2020,5,ocon,12.0,11
2020,5,vettel,10.0,13
2020,5,giovinazzi,2.0,14
2020,5,kvyat,1.0,15
2020,5,kevin_magnussen,1.0,15
2020,5,latifi,0.0,17
2020,5,raikkonen,0.0,17
2020,5,russell,0.0,17
2020,5,grosjean,0.0,17
2020,5,hulkenberg,0.0,17
2020,6,hamilton,107.0,1
2020,6,max_verstappen,77.0,2
2020,6,bottas,73.0,3
2020,6,leclerc,45.0,4
2020,6,norris,38.0,5
2020,6,albon,36.0,6
2020,6,stroll,28.0,7
2020,6,perez,22.0,8
2020,6,ricciardo,20.0,9
2020,6,ocon,16.0,10
2020,6,sainz,15.0,11
2020,6,gasly,12.0,12
2020,6,vettel,10.0,13
2020,6,hulkenberg,6.0,14
2020,6,giovinazzi,2.0,15
2020,6,kvyat,2.0,15
2020,6,kevin_magnussen,1.0,17
2020,6,latifi,0.0,18
2020,6,raikkonen,0.0,18
2020,6,russell,0.0,18
2020,6,grosjean,0.0,18
2020,7,hamilton,132.0,1
2020,7,max_verstappen,95.0,2
2020,7,bottas,89.0,3
2020,7,leclerc,45.0,4
2020,7,albon,40.0,5
2020,7,stroll,40.0,5
2020,7,norris,39.0,7
2020,7,perez,32.0,8
2020,7,sainz,23.0,9
2020,7,ricciardo,20.0,10
2020,7,ocon,16.0,11
2020,7,vettel,16.0,11
2020,7,gasly,14.0,13
2020,7,hulkenberg,6.0,14
2020,7,giovinazzi,2.0,15
2020,7,kvyat,2.0,15
2020,7,kevin_magnussen,1.0,17
2020,7,latifi,0.0,18
2020,7,raikkonen,0.0,18
2020,7,russell,0.0,18
2020,7,grosjean,0.0,18
2020,8,hamilton,157.0,1
2020,8,max_verstappen,110.0,2
2020,8,bottas,107.0,3
2020,8,albon,48.0,4
2020,8,leclerc,45.0,5
2020,8,norris,45.0,5
2020,8,stroll,42.0,7
2020,8,perez,33.0,8
2020,8,ricciardo,33.0,8
2020,8,ocon,26.0,10
2020,8,sainz,23.0,11
2020,8,gasly,18.0,12
2020,8,vettel,16.0,13
2020,8,hulkenberg,6.0,14
2020,8,giovinazzi,2.0,15
2020,8,kvyat,2.0,15
2020,8,kevin_magnussen,1.0,17
2020,8,latifi,0.0,18
2020,8,raikkonen,0.0,18
2020,8,russell,0.0,18
2020,8,grosjean,0.0,18
2020,9,hamilton,164.0,1
2020,9,bottas,117.0,2
2020,9,max_verstappen,110.0,3
2020,9,norris,57.0,4
2020,9,stroll,57.0,4
2020,9,albon,48.0,6
2020,9,leclerc,45.0,7
2020,9,gasly,43.0,8
2020,9,sainz,41.0,9
2020,9,ricciardo,41.0,9
2020,9,perez,34.0,11
2020,9,ocon,30.0,12
2020,9,vettel,16.0,13
2020,9,hulkenberg,6.0,14
2020,9,kvyat,4.0,15
2020,9,giovinazzi,2.0,16
2020,9,kevin_magnussen,1.0,17
2020,9,latifi,0.0,18
2020,9,raikkonen,0.0,18
2020,9,russell,0.0,18
2020,9,grosjean,0.0,18
2020,10,hamilton,190.0,1
2020,10,bottas,135.0,2
2020,10,max_verstappen,110.0,3
2020,10,norris,65.0,4
2020,10,albon,63.0,5
2020,10,stroll,57.0,6
2020,10,ricciardo,53.0,7
2020,10,leclerc,49.0,8
2020,10,perez,44.0,9
2020,10,gasly,43.0,10
2020,10,sainz,41.0,11
2020,10,ocon,30.0,12
2020,10,vettel,17.0,13
2020,10,kvyat,10.0,14
2020,10,hulkenberg,6.0,15
2020,10,giovinazzi,2.0,16
2020,10,raikkonen,2.0,16
2020,10,kevin_magnussen,1.0,18
2020,10,latifi,0.0,19
2020,10,russell,0.0,19
2020,10,grosjean,0.0,19
2020,11,hamilton,205.0,1
2020,11,bottas,161.0,2
2020,11,max_verstappen,128.0,3
2020,11,norris,65.0,4
2020,11,albon,64.0,5
2020,11,ricciardo,63.0,6
2020,11,leclerc,57.0,7
2020,11,stroll,57.0,7
2020,11,perez,56.0,9
2020,11,gasly,45.0,10
2020,11,sainz,41.0,11
2020,11,ocon,36.0,12
2020,11,vettel,17.0,13
2020,11,kvyat,14.0,14
2020,11,hulkenberg,6.0,15
2020,11,giovinazzi,2.0,16
2020,11,raikkonen,2.0,16
2020,11,kevin_magnussen,1.0,18
2020,11,latifi,0.0,19
2020,11,russell,0.0,19
2020,11,grosjean,0.0,19
2020,12,hamilton,230.0,1
2020,12,bottas,161.0,2
2020,12,max_verstappen,147.0,3
2020,12,ricciardo,78.0,4
2020,12,perez,68.0,5
2020,12,norris,65.0,6
2020,12,albon,64.0,7
2020,12,leclerc,63.0,8
2020,12,stroll,57.0,9
2020,12,gasly,53.0,10
2020,12,sainz,51.0,11
2020,12,ocon,36.0,12
2020,12,vettel,17.0,13
2020,12,kvyat,14.0,14
2020,12,hulkenberg,10.0,15
2020,12,giovinazzi,3.0,16
2020,12,raikkonen,2.0,17
2020,12,grosjean,2.0,17
2020,12,kevin_magnussen,1.0,19
2020,12,latifi,0.0,20
2020,12,russell,0.0,20
2020,13,hamilton,256.0,1
2020,13,bottas,179.0,2
2020,13,max_verstappen,162.0,3
2020,13,ricciardo,80.0,4
2020,13,leclerc,75.0,5
2020,13,perez,74.0,6
2020,13,norris,65.0,7
2020,13,albon,64.0,8
2020,13,gasly,63.0,9
2020,13,sainz,59.0,10
2020,13,stroll,57.0,11
2020,13,ocon,40.0,12
2020,13,vettel,18.0,13
2020,13,kvyat,14.0,14
2020,13,hulkenberg,10.0,15
2020,13,giovinazzi,3.0,16
2020,13,raikkonen,2.0,17
2020,13,grosjean,2.0,17
2020,13,kevin_magnussen,1.0,19
2020,13,latifi,0.0,20
2020,13,russell,0.0,20
2020,14,hamilton,282.0,1
2020,14,bottas,197.0,2
2020,14,max_verstappen,162.0,3
2020,14,ricciardo,95.0,4
2020,14,leclerc,85.0,5
2020,14,perez,82.0,6
2020,14,norris,69.0,7
2020,14,sainz,65.0,8
2020,14,albon,64.0,9
2020,14,gasly,63.0,10
2020,14,stroll,57.0,11
2020,14,ocon,40.0,12
2020,14,kvyat,26.0,13
2020,14,vettel,18.0,14
2020,14,hulkenberg,10.0,15
2020,14,giovinazzi,4.0,16
2020,14,raikkonen,4.0,16
2020,14,grosjean,2.0,18
2020,14,kevin_magnussen,1.0,19
2020,14,latifi,0.0,20
2020,14,russell,0.0,20
2020,15,hamilton,307.0,1
2020,15,bottas,197.0,2
2020,15,max_verstappen,170.0,3
2020,15,perez,100.0,4
2020,15,leclerc,97.0,5
2020,15,ricciardo,96.0,6
2020,15,sainz,75.0,7
2020,15,norris,74.0,8
2020,15,albon,70.0,9
2020,15,gasly,63.0,10
2020,15,stroll,59.0,11
2020,15,ocon,40.0,12
2020,15,vettel,33.0,13
2020,15,kvyat,26.0,14
2020,15,hulkenberg,10.0,15
2020,15,giovinazzi,4.0,16
2020,15,raikkonen,4.0,16
2020,15,grosjean,2.0,18
2020,15,kevin_magnussen,1.0,19
2020,15,latifi,0.0,20
2020,15,russell,0.0,20
2020,16,hamilton,332.0,1
2020,16,bottas,201.0,2
2020,16,max_verstappen,189.0,3
2020,16,ricciardo,102.0,4
2020,16,perez,100.0,5
2020,16,leclerc,98.0,6
2020,16,norris,86.0,7
2020,16,sainz,85.0,8
2020,16,albon,85.0,8
2020,16,gasly,71.0,10
2020,16,stroll,59.0,11
2020,16,ocon,42.0,12
2020,16,vettel,33.0,13
2020,16,kvyat,26.0,14
2020,16,hulkenberg,10.0,15
2020,16,giovinazzi,4.0,16
2020,16,raikkonen,4.0,16
2020,16,grosjean,2.0,18
2020,16,kevin_magnussen,1.0,19
2020,16,latifi,0.0,20
2020,16,russell,0.0,20
2020,17,hamilton,332.0,1
2020,17,bottas,205.0,2
2020,17,max_verstappen,189.0,3
2020,17,perez,125.0,4
2020,17,ricciardo,112.0,5
2020,17,leclerc,98.0,6
2020,17,sainz,97.0,7
2020,17,albon,93.0,8
2020,17,norris,87.0,9
2020,17,stroll,74.0,10
2020,17,gasly,71.0,11
2020,17,ocon,60.0,12
2020,17,vettel,33.0,13
2020,17,kvyat,32.0,14
2020,17,hulkenberg,10.0,15
2020,17,giovinazzi,4.0,16
2020,17,raikkonen,4.0,16
2020,17,russell,3.0,18
2020,17,grosjean,2.0,19
2020,17,kevin_magnussen,1.0,20
2020,17,latifi,0.0,21
2020,17,aitken,0.0,21
2020,17,pietro_fittipaldi,0.0,21
2021,2,hamilton,25.0,1
2021,2,max_verstappen,18.0,2
2021,2,bottas,16.0,3
2021,2,norris,12.0,4
2021,2,perez,10.0,5
2021,2,leclerc,8.0,6
2021,2,ricciardo,6.0,7
2021,2,sainz,4.0,8
2021,2,tsunoda,2.0,9
2021,2,stroll,1.0,10
2021,2,raikkonen,0.0,11
2021,2,giovinazzi,0.0,11
2021,2,ocon,0.0,11
2021,2,russell,0.0,11
2021,2,vettel,0.0,11
2021,2,mick_schumacher,0.0,11
2021,2,gasly,0.0,11
2021,2,latifi,0.0,11
2021,2,alonso,0.0,11
2021,2,mazepin,0.0,11
2021,3,hamilton,44.0,1
2021,3,max_verstappen,43.0,2
2021,3,norris,27.0,3
2021,3,leclerc,20.0,4
2021,3,bottas,16.0,5
2021,3,ricciardo,14.0,6
2021,3,sainz,14.0,6
2021,3,perez,10.0,8
2021,3,gasly,6.0,9
2021,3,stroll,5.0,10
2021,3,tsunoda,2.0,11
2021,3,ocon,2.0,11
2021,3,alonso,1.0,13
2021,3,raikkonen,0.0,14
2021,3,giovinazzi,0.0,14
2021,3,russell,0.0,14
2021,3,vettel,0.0,14
2021,3,mick_schumacher,0.0,14
2021,3,latifi,0.0,14
2021,3,mazepin,0.0,14
2021,4,hamilton,69.0,1
2021,4,max_verstappen,61.0,2
2021,4,norris,37.0,3
2021,4,bottas,32.0,4
2021,4,leclerc,28.0,5
2021,4,perez,22.0,6
2021,4,ricciardo,16.0,7
2021,4,sainz,14.0,8
2021,4,ocon,8.0,9
2021,4,gasly,7.0,10
2021,4,stroll,5.0,11
2021,4,alonso,5.0,11
2021,4,tsunoda,2.0,13
2021,4,raikkonen,0.0,14
2021,4,giovinazzi,0.0,14
2021,4,russell,0.0,14
2021,4,vettel,0.0,14
2021,4,mick_schumacher,0.0,14
2021,4,latifi,0.0,14
2021,4,mazepin,0.0,14
2021,5,hamilton,94.0,1
2021,5,max_verstappen,80.0,2
2021,5,bottas,47.0,3
2021,5,norris,41.0,4
2021,5,leclerc,40.0,5
2021,5,perez,32.0,6
2021,5,ricciardo,24.0,7
2021,5,sainz,20.0,8
2021,5,ocon,10.0,9
2021,5,gasly,8.0,10
2021,5,stroll,5.0,11
2021,5,alonso,5.0,11
2021,5,tsunoda,2.0,13
2021,5,raikkonen,0.0,14
2021,5,giovinazzi,0.0,14
2021,5,russell,0.0,14
2021,5,vettel,0.0,14
2021,5,mick_schumacher,0.0,14
2021,5,latifi,0.0,14
2021,5,mazepin,0.0,14
2021,6,max_verstappen,105.0,1
2021,6,hamilton,101.0,2
2021,6,norris,56.0,3
2021,6,bottas,47.0,4
2021,6,perez,44.0,5
2021,6,leclerc,40.0,6
2021,6,sainz,38.0,7
2021,6,ricciardo,24.0,8
2021,6,gasly,16.0,9
2021,6,ocon,12.0,10
2021,6,vettel,10.0,11
2021,6,stroll,9.0,12
2021,6,alonso,5.0,13
2021,6,tsunoda,2.0,14
2021,6,giovinazzi,1.0,15
2021,6,raikkonen,0.0,16
2021,6,russell,0.0,16
2021,6,mick_schumacher,0.0,16
2021,6,latifi,0.0,16
2021,6,mazepin,0.0,16
2021,7,max_verstappen,105.0,1
2021,7,hamilton,101.0,2
2021,7,perez,69.0,3
2021,7,norris,66.0,4
2021,7,leclerc,52.0,5
2021,7,bottas,47.0,6
2021,7,sainz,42.0,7
2021,7,gasly,31.0,8
2021,7,vettel,28.0,9
2021,7,ricciardo,26.0,10
2021,7,alonso,13.0,11
2021,7,ocon,12.0,12
2021,7,stroll,9.0,13
2021,7,tsunoda,8.0,14
2021,7,raikkonen,1.0,15
2021,7,giovinazzi,1.0,15
2021,7,russell,0.0,17
2021,7,mick_schumacher,0.0,17
2021,7,latifi,0.0,17
2021,7,mazepin,0.0,17
2021,8,max_verstappen,131.0,1
2021,8,hamilton,119.0,2
2021,8,perez,84.0,3
2021,8,norris,76.0,4
2021,8,bottas,59.0,5
2021,8,leclerc,52.0,6
2021,8,sainz,42.0,7
2021,8,gasly,37.0,8
2021,8,ricciardo,34.0,9
2021,8,vettel,30.0,10
2021,8,alonso,17.0,11
2021,8,ocon,12.0,12
2021,8,stroll,10.0,13
2021,8,tsunoda,8.0,14
2021,8,raikkonen,1.0,15
2021,8,giovinazzi,1.0,15
2021,8,russell,0.0,17
2021,8,mick_schumacher,0.0,17
2021,8,latifi,0.0,17
2021,8,mazepin,0.0,17
2021,9,max_verstappen,156.0,1
2021,9,hamilton,138.0,2
2021,9,perez,96.0,3
2021,9,norris,86.0,4
2021,9,bottas,74.0,5
2021,9,leclerc,58.0,6
2021,9,sainz,50.0,7
2021,9,gasly,37.0,8
2021,9,ricciardo,34.0,9
2021,9,vettel,30.0,10
2021,9,alonso,19.0,11
2021,9,stroll,14.0,12
2021,9,ocon,12.0,13
2021,9,tsunoda,9.0,14
2021,9,raikkonen,1.0,15
2021,9,giovinazzi,1.0,15
2021,9,russell,0.0,17
2021,9,mick_schumacher,0.0,17
2021,9,latifi,0.0,17
2021,9,mazepin,0.0,17
2021,10,max_verstappen,182.0,1
2021,10,hamilton,150.0,2
2021,10,perez,104.0,3
2021,10,norris,101.0,4
2021,10,bottas,92.0,5
2021,10,leclerc,62.0,6
2021,10,sainz,60.0,7
2021,10,ricciardo,40.0,8
2021,10,gasly,39.0,9
2021,10,vettel,30.0,10
2021,10,alonso,20.0,11
2021,10,stroll,14.0,12
2021,10,ocon,12.0,13
2021,10,tsunoda,9.0,14
2021,10,raikkonen,1.0,15
2021,10,giovinazzi,1.0,15
2021,10,russell,0.0,17
2021,10,mick_schumacher,0.0,17
2021,10,latifi,0.0,17
2021,10,mazepin,0.0,17
2021,11,max_verstappen,182.0,1
2021,11,hamilton,175.0,2
2021,11,norris,113.0,3
2021,11,bottas,107.0,4
2021,11,perez,104.0,5
2021,11,leclerc,80.0,6
2021,11,sainz,68.0,7
2021,11,ricciardo,50.0,8
2021,11,gasly,39.0,9
2021,11,vettel,30.0,10
2021,11,alonso,26.0,11
2021,11,stroll,18.0,12
2021,11,ocon,14.0,13
2021,11,tsunoda,10.0,14
2021,11,raikkonen,1.0,15
2021,11,giovinazzi,1.0,15
2021,11,russell,0.0,17
2021,11,mick_schumacher,0.0,17
2021,11,latifi,0.0,17
2021,11,mazepin,0.0,17
2021,12,hamilton,193.0,1
2021,12,max_verstappen,184.0,2
2021,12,norris,113.0,3
2021,12,bottas,107.0,4
2021,12,perez,104.0,5
2021,12,sainz,83.0,6
2021,12,leclerc,80.0,7
2021,12,ricciardo,50.0,8
2021,12,gasly,50.0,8
2021,12,ocon,39.0,10
2021,12,alonso,38.0,11
2021,12,vettel,30.0,12
2021,12,tsunoda,18.0,13
2021,12,stroll,18.0,13
2021,12,latifi,6.0,15
2021,12,russell,4.0,16
2021,12,raikkonen,2.0,17
2021,12,giovinazzi,1.0,18
2021,12,mick_schumacher,0.0,19
2021,12,mazepin,0.0,19
2021,13,hamilton,200.5,1
2021,13,max_verstappen,196.5,2
2021,13,norris,113.0,3
2021,13,bottas,107.0,4
2021,13,perez,104.0,5
2021,13,sainz,83.5,6
2021,13,leclerc,82.0,7
2021,13,ricciardo,56.0,8
2021,13,gasly,54.0,9
2021,13,ocon,42.0,10
2021,13,alonso,38.0,11
2021,13,vettel,35.0,12
2021,13,tsunoda,18.0,13
2021,13,stroll,18.0,13
2021,13,russell,13.0,15
2021,13,latifi,7.0,16
2021,13,raikkonen,2.0,17
2021,13,giovinazzi,1.0,18
2021,13,mick_schumacher,0.0,19
2021,13,mazepin,0.0,19
2021,14,max_verstappen,221.5,1
2021,14,hamilton,219.5,2
2021,14,bottas,122.0,3
2021,14,norris,114.0,4
2021,14,perez,108.0,5
2021,14,leclerc,92.0,6
2021,14,sainz,89.5,7
2021,14,gasly,66.0,8
2021,14,ricciardo,56.0,9
2021,14,alonso,46.0,10
2021,14,ocon,44.0,11
2021,14,vettel,35.0,12
2021,14,tsunoda,18.0,13
2021,14,stroll,18.0,13
2021,14,russell,13.0,15
2021,14,latifi,7.0,16
2021,14,raikkonen,2.0,17
2021,14,giovinazzi,1.0,18
2021,14,mick_schumacher,0.0,19
2021,14,mazepin,0.0,19
2021,14,kubica,0.0,19
2021,15,max_verstappen,221.5,1
2021,15,hamilton,219.5,2
2021,15,bottas,137.0,3
2021,15,norris,132.0,4
2021,15,perez,118.0,5
2021,15,leclerc,104.0,6
2021,15,sainz,97.5,7
2021,15,ricciardo,82.0,8
2021,15,gasly,66.0,9
2021,15,alonso,50.0,10
2021,15,ocon,45.0,11
2021,15,vettel,35.0,12
2021,15,stroll,24.0,13
2021,15,tsunoda,18.0,14
2021,15,russell,15.0,15
2021,15,latifi,7.0,16
2021,15,raikkonen,2.0,17
2021,15,giovinazzi,1.0,18
2021,15,mick_schumacher,0.0,19
2021,15,mazepin,0.0,19
2021,15,kubica,0.0,19
2021,16,hamilton,244.5,1
2021,16,max_verstappen,239.5,2
2021,16,bottas,147.0,3
2021,16,norris,139.0,4
2021,16,perez,120.0,5
2021,16,sainz,112.5,6
2021,16,leclerc,104.0,7
2021,16,ricciardo,94.0,8
2021,16,gasly,66.0,9
2021,16,alonso,58.0,10
2021,16,ocon,45.0,11
2021,16,vettel,35.0,12
2021,16,stroll,24.0,13
2021,16,tsunoda,18.0,14
2021,16,russell,16.0,15
2021,16,latifi,7.0,16
2021,16,raikkonen,6.0,17
2021,16,giovinazzi,1.0,18
2021,16,mick_schumacher,0.0,19
2021,16,mazepin,0.0,19
2021,16,kubica,0.0,19
2021,17,max_verstappen,257.5,1
2021,17,hamilton,254.5,2
2021,17,bottas,173.0,3
2021,17,norris,145.0,4
2021,17,perez,135.0,5
2021,17,sainz,116.5,6
2021,17,leclerc,116.0,7
2021,17,ricciardo,94.0,8
2021,17,gasly,74.0,9
2021,17,alonso,58.0,10
2021,17,ocon,46.0,11
2021,17,vettel,35.0,12
2021,17,stroll,26.0,13
2021,17,tsunoda,18.0,14
2021,17,russell,16.0,15
2021,17,latifi,7.0,16
2021,17,raikkonen,6.0,17
2021,17,giovinazzi,1.0,18
2021,17,mick_schumacher,0.0,19
2021,17,mazepin,0.0,19
2021,17,kubica,0.0,19
2021,18,max_verstappen,282.5,1
2021,18,hamilton,273.5,2
2021,18,bottas,181.0,3
2021,18,perez,150.0,4
2021,18,norris,149.0,5
2021,18,leclerc,128.0,6
2021,18,sainz,122.5,7
2021,18,ricciardo,104.0,8
2021,18,gasly,74.0,9
2021,18,alonso,58.0,10
2021,18,ocon,46.0,11
2021,18,vettel,36.0,12
2021,18,stroll,26.0,13
2021,18,tsunoda,20.0,14
2021,18,russell,16.0,15
2021,18,latifi,7.0,16
2021,18,raikkonen,6.0,17
2021,18,giovinazzi,1.0,18
2021,18,mick_schumacher,0.0,19
2021,18,mazepin,0.0,19
2021,18,kubica,0.0,19
2021,19,max_verstappen,307.5,1
2021,19,hamilton,291.5,2
2021,19,bottas,181.0,3
2021,19,perez,165.0,4
2021,19,norris,150.0,5
2021,19,leclerc,138.0,6
2021,19,sainz,130.5,7
2021,19,ricciardo,104.0,8
2021,19,gasly,86.0,9
2021,19,alonso,60.0,10
2021,19,ocon,46.0,11
2021,19,vettel,42.0,12
2021,19,stroll,26.0,13
2021,19,tsunoda,20.0,14
2021,19,russell,16.0,15
2021,19,raikkonen,10.0,16
2021,19,latifi,7.0,17
2021,19,giovinazzi,1.0,18
2021,19,mick_schumacher,0.0,19
2021,19,mazepin,0.0,19
2021,19,kubica,0.0,19
2021,20,max_verstappen,325.5,1
2021,20,hamilton,316.5,2
2021,20,bottas,196.0,3
2021,20,perez,178.0,4
2021,20,norris,151.0,5
2021,20,leclerc,148.0,6
2021,20,sainz,138.5,7
2021,20,ricciardo,104.0,8
2021,20,gasly,92.0,9
2021,20,alonso,62.0,10
2021,20,ocon,50.0,11
2021,20,vettel,42.0,12
2021,20,stroll,26.0,13
2021,20,tsunoda,20.0,14
2021,20,russell,16.0,15
2021,20,raikkonen,10.0,16
2021,20,latifi,7.0,17
2021,20,giovinazzi,1.0,18
2021,20,mick_schumacher,0.0,19
2021,20,mazepin,0.0,19
2021,20,kubica,0.0,19
2021,21,max_verstappen,344.5,1
2021,21,hamilton,341.5,2
2021,21,bottas,196.0,3
2021,21,perez,190.0,4
2021,21,norris,153.0,5
2021,21,leclerc,152.0,6
2021,21,sainz,144.5,7
2021,21,ricciardo,104.0,8
2021,21,gasly,92.0,9
2021,21,alonso,77.0,10
2021,21,ocon,60.0,11
2021,21,vettel,43.0,12
2021,21,stroll,34.0,13
2021,21,tsunoda,20.0,14
2021,21,russell,16.0,15
2021,21,raikkonen,10.0,16
2021,21,latifi,7.0,17
2021,21,giovinazzi,1.0,18
2021,21,mick_schumacher,0.0,19
2021,21,mazepin,0.0,19
2021,21,kubica,0.0,19
2021,22,hamilton,367.5,1
2021,22,max_verstappen,362.5,2
2021,22,bottas,211.0,3
2021,22,perez,190.0,4
2021,22,leclerc,158.0,5
2021,22,norris,154.0,6
2021,22,sainz,148.5,7
2021,22,ricciardo,114.0,8
2021,22,gasly,100.0,9
2021,22,alonso,77.0,10
2021,22,ocon,72.0,11
2021,22,vettel,43.0,12
2021,22,stroll,34.0,13
2021,22,tsunoda,20.0,14
2021,22,russell,16.0,15
2021,22,raikkonen,10.0,16
2021,22,latifi,7.0,17
2021,22,giovinazzi,3.0,18
2021,22,mick_schumacher,0.0,19
2021,22,mazepin,0.0,19
2021,22,kubica,0.0,19
2022,2,leclerc,26.0,1
2022,2,sainz,18.0,2
2022,2,hamilton,15.0,3
2022,2,russell,12.0,4
2022,2,kevin_magnussen,10.0,5
2022,2,bottas,8.0,6
2022,2,ocon,6.0,7
2022,2,tsunoda,4.0,8
2022,2,alonso,2.0,9
2022,2,zhou,1.0,10
2022,2,mick_schumacher,0.0,11
2022,2,stroll,0.0,11
2022,2,albon,0.0,11
2022,2,ricciardo,0.0,11
2022,2,norris,0.0,11
2022,2,latifi,0.0,11
2022,2,hulkenberg,0.0,11
2022,2,perez,0.0,11
2022,2,max_verstappen,0.0,11
2022,2,gasly,0.0,11
2022,3,leclerc,45.0,1
2022,3,sainz,33.0,2
2022,3,max_verstappen,25.0,3
2022,3,russell,22.0,4
2022,3,hamilton,16.0,5
2022,3,ocon,14.0,6
2022,3,kevin_magnussen,12.0,7
2022,3,perez,12.0,7
2022,3,bottas,8.0,9
2022,3,norris,6.0,10
2022,3,tsunoda,4.0,11
2022,3,gasly,4.0,11
2022,3,alonso,2.0,13
2022,3,zhou,1.0,14
2022,3,mick_schumacher,0.0,15
2022,3,stroll,0.0,15
2022,3,albon,0.0,15
2022,3,ricciardo,0.0,15
2022,3,latifi,0.0,15
2022,3,hulkenberg,0.0,15
2022,4,leclerc,71.0,1
2022,4,russell,37.0,2
2022,4,sainz,33.0,3
2022,4,perez,30.0,4
2022,4,hamilton,28.0,5
2022,4,max_verstappen,25.0,6
2022,4,ocon,20.0,7
2022,4,norris,16.0,8
2022,4,kevin_magnussen,12.0,9
2022,4,bottas,12.0,9
2022,4,ricciardo,8.0,11
2022,4,gasly,6.0,12
2022,4,tsunoda,4.0,13
2022,4,alonso,2.0,14
2022,4,zhou,1.0,15
2022,4,albon,1.0,15
2022,4,mick_schumacher,0.0,17
2022,4,stroll,0.0,17
2022,4,latifi,0.0,17
2022,4,hulkenberg,0.0,17
2022,4,vettel,0.0,17
2022,5,leclerc,79.0,1
2022,5,max_verstappen,51.0,2
2022,5,russell,49.0,3
2022,5,perez,48.0,4
2022,5,sainz,33.0,5
2022,5,norris,31.0,6
2022,5,hamilton,28.0,7
2022,5,bottas,22.0,8
2022,5,ocon,20.0,9
2022,5,kevin_magnussen,14.0,10
2022,5,tsunoda,10.0,11
2022,5,ricciardo,8.0,12
2022,5,gasly,6.0,13
2022,5,vettel,4.0,14
2022,5,alonso,2.0,15
2022,5,zhou,1.0,16
2022,5,stroll,1.0,16
2022,5,albon,1.0,16
2022,5,mick_schumacher,0.0,19
2022,5,latifi,0.0,19
2022,5,hulkenberg,0.0,19
2022,6,leclerc,97.0,1
2022,6,max_verstappen,77.0,2
2022,6,perez,60.0,3
2022,6,russell,59.0,4
2022,6,sainz,48.0,5
2022,6,hamilton,36.0,6
2022,6,norris,31.0,7
2022,6,bottas,28.0,8
2022,6,ocon,24.0,9
2022,6,kevin_magnussen,14.0,10
2022,6,tsunoda,10.0,11
2022,6,ricciardo,8.0,12
2022,6,gasly,6.0,13
2022,6,vettel,4.0,14
2022,6,albon,3.0,15
2022,6,alonso,2.0,16
2022,6,stroll,2.0,16
2022,6,zhou,1.0,18
2022,6,mick_schumacher,0.0,19
2022,6,latifi,0.0,19
2022,6,hulkenberg,0.0,19
2022,7,max_verstappen,102.0,1
2022,7,leclerc,97.0,2
2022,7,perez,79.0,3
2022,7,russell,74.0,4
2022,7,sainz,60.0,5
2022,7,hamilton,46.0,6
2022,7,bottas,36.0,7
2022,7,norris,35.0,8
2022,7,ocon,30.0,9
2022,7,kevin_magnussen,14.0,10
2022,7,tsunoda,11.0,11
2022,7,ricciardo,8.0,12
2022,7,gasly,6.0,13
2022,7,alonso,4.0,14
2022,7,vettel,4.0,14
2022,7,albon,3.0,16
2022,7,stroll,2.0,17
2022,7,zhou,1.0,18
2022,7,mick_schumacher,0.0,19
2022,7,latifi,0.0,19
2022,7,hulkenberg,0.0,19
2022,8,max_verstappen,117.0,1
2022,8,leclerc,109.0,2
2022,8,perez,104.0,3
2022,8,russell,84.0,4
2022,8,sainz,78.0,5
2022,8,hamilton,50.0,6
2022,8,norris,44.0,7
2022,8,bottas,38.0,8
2022,8,ocon,30.0,9
2022,8,kevin_magnussen,14.0,10
2022,8,tsunoda,11.0,11
2022,8,alonso,10.0,12
2022,8,ricciardo,8.0,13
2022,8,gasly,6.0,14
2022,8,vettel,5.0,15
2022,8,albon,3.0,16
2022,8,stroll,2.0,17
2022,8,zhou,1.0,18
2022,8,mick_schumacher,0.0,19
2022,8,latifi,0.0,19
2022,8,hulkenberg,0.0,19
2022,9,max_verstappen,142.0,1
2022,9,perez,123.0,2
2022,9,leclerc,109.0,3
2022,9,russell,99.0,4
2022,9,sainz,78.0,5
2022,9,hamilton,62.0,6
2022,9,norris,46.0,7
2022,9,bottas,38.0,8
2022,9,ocon,31.0,9
2022,9,alonso,16.0,10
2022,9,gasly,16.0,10
2022,9,kevin_magnussen,14.0,12
2022,9,vettel,13.0,13
2022,9,ricciardo,12.0,14
2022,9,tsunoda,11.0,15
2022,9,albon,3.0,16
2022,9,stroll,2.0,17
2022,9,zhou,1.0,18
2022,9,mick_schumacher,0.0,19
2022,9,latifi,0.0,19
2022,9,hulkenberg,0.0,19
2022,10,max_verstappen,167.0,1
2022,10,perez,123.0,2
2022,10,leclerc,119.0,3
2022,10,russell,111.0,4
2022,10,sainz,97.0,5
2022,10,hamilton,77.0,6
2022,10,norris,46.0,7
2022,10,bottas,44.0,8
2022,10,ocon,39.0,9
2022,10,alonso,18.0,10
2022,10,gasly,16.0,11
2022,10,kevin_magnussen,14.0,12
2022,10,vettel,13.0,13
2022,10,ricciardo,12.0,14
2022,10,tsunoda,11.0,15
2022,10,zhou,5.0,16
2022,10,stroll,3.0,17
2022,10,albon,3.0,17
2022,10,mick_schumacher,0.0,19
2022,10,latifi,0.0,19
2022,10,hulkenberg,0.0,19
2022,11,max_verstappen,173.0,1
2022,11,perez,141.0,2
2022,11,leclerc,131.0,3
2022,11,sainz,122.0,4
2022,11,russell,111.0,5
2022,11,hamilton,93.0,6
2022,11,norris,54.0,7
2022,11,bottas,44.0,8
2022,11,ocon,39.0,9
2022,11,alonso,28.0,10
2022,11,gasly,16.0,11
2022,11,kevin_magnussen,15.0,12
2022,11,vettel,15.0,12
2022,11,ricciardo,12.0,14
2022,11,tsunoda,11.0,15
2022,11,zhou,5.0,16
2022,11,mick_schumacher,4.0,17
2022,11,stroll,3.0,18
2022,11,albon,3.0,18
2022,11,latifi,0.0,20
2022,11,hulkenberg,0.0,20
2022,12,max_verstappen,192.0,1
2022,12,leclerc,156.0,2
2022,12,perez,141.0,3
2022,12,russell,123.0,4
2022,12,sainz,122.0,5
2022,12,hamilton,108.0,6
2022,12,norris,60.0,7
2022,12,ocon,49.0,8
2022,12,bottas,44.0,9
2022,12,alonso,29.0,10
2022,12,kevin_magnussen,19.0,11
2022,12,gasly,16.0,12
2022,12,vettel,15.0,13
2022,12,ricciardo,14.0,14
2022,12,mick_schumacher,12.0,15
2022,12,tsunoda,11.0,16
2022,12,zhou,5.0,17
2022,12,stroll,3.0,18
2022,12,albon,3.0,18
2022,12,latifi,0.0,20
2022,12,hulkenberg,0.0,20
2022,13,max_verstappen,217.0,1
2022,13,leclerc,156.0,2
2022,13,perez,153.0,3
2022,13,russell,138.0,4
2022,13,sainz,133.0,5
2022,13,hamilton,126.0,6
2022,13,norris,66.0,7
2022,13,ocon,53.0,8
2022,13,bottas,44.0,9
2022,13,alonso,37.0,10
2022,13,kevin_magnussen,19.0,11
2022,13,ricciardo,16.0,12
2022,13,gasly,16.0,12
2022,13,vettel,15.0,14
2022,13,mick_schumacher,12.0,15
2022,13,tsunoda,11.0,16
2022,13,zhou,5.0,17
2022,13,stroll,4.0,18
2022,13,albon,3.0,19
2022,13,latifi,0.0,20
2022,13,hulkenberg,0.0,20
2022,14,max_verstappen,242.0,1
2022,14,leclerc,164.0,2
2022,14,perez,163.0,3
2022,14,russell,153.0,4
2022,14,sainz,145.0,5
2022,14,hamilton,145.0,5
2022,14,norris,72.0,7
2022,14,ocon,55.0,8
2022,14,bottas,44.0,9
2022,14,alonso,41.0,10
2022,14,kevin_magnussen,19.0,11
2022,14,ricciardo,16.0,12
2022,14,gasly,16.0,12
2022,14,vettel,16.0,12
2022,14,mick_schumacher,12.0,15
2022,14,tsunoda,11.0,16
2022,14,zhou,5.0,17
2022,14,stroll,4.0,18
2022,14,albon,3.0,19
2022,14,latifi,0.0,20
2022,14,hulkenberg,0.0,20
2022,15,max_verstappen,268.0,1
2022,15,perez,181.0,2
2022,15,leclerc,172.0,3
2022,15,russell,165.0,4
2022,15,sainz,160.0,5
2022,15,hamilton,145.0,6
2022,15,norris,72.0,7
2022,15,ocon,61.0,8
2022,15,alonso,51.0,9
2022,15,bottas,44.0,10
2022,15,vettel,20.0,11
2022,15,kevin_magnussen,19.0,12
2022,15,gasly,18.0,13
2022,15,ricciardo,16.0,14
2022,15,mick_schumacher,12.0,15
2022,15,tsunoda,11.0,16
2022,15,zhou,5.0,17
2022,15,stroll,4.0,18
2022,15,albon,4.0,18
2022,15,latifi,0.0,20
2022,15,hulkenberg,0.0,20
2022,16,max_verstappen,294.0,1
2022,16,perez,191.0,2
2022,16,leclerc,187.0,3
2022,16,russell,183.0,4
2022,16,sainz,164.0,5
2022,16,hamilton,157.0,6
2022,16,norris,78.0,7
2022,16,ocon,63.0,8
2022,16,alonso,59.0,9
2022,16,bottas,44.0,10
2022,16,vettel,20.0,11
2022,16,kevin_magnussen,19.0,12
2022,16,gasly,18.0,13
2022,16,ricciardo,16.0,14
2022,16,mick_schumacher,12.0,15
2022,16,tsunoda,11.0,16
2022,16,zhou,5.0,17
2022,16,stroll,5.0,17
2022,16,albon,4.0,19
2022,16,latifi,0.0,20
2022,16,hulkenberg,0.0,20
2022,17,max_verstappen,319.0,1
2022,17,leclerc,205.0,2
2022,17,perez,200.0,3
2022,17,russell,198.0,4
2022,17,sainz,176.0,5
2022,17,hamilton,167.0,6
2022,17,norris,84.0,7
2022,17,ocon,63.0,8
2022,17,alonso,59.0,9
2022,17,bottas,44.0,10
2022,17,gasly,22.0,11
2022,17,vettel,20.0,12
2022,17,kevin_magnussen,19.0,13
2022,17,ricciardo,16.0,14
2022,17,mick_schumacher,12.0,15
2022,17,tsunoda,11.0,16
2022,17,zhou,6.0,17
2022,17,stroll,5.0,18
2022,17,albon,4.0,19
2022,17,de_vries,2.0,20
2022,17,latifi,0.0,21
2022,17,hulkenberg,0.0,21
2022,18,max_verstappen,325.0,1
2022,18,perez,225.0,2
2022,18,leclerc,223.0,3
2022,18,russell,198.0,4
2022,18,sainz,191.0,5
2022,18,hamilton,169.0,6
2022,18,norris,96.0,7
2022,18,ocon,63.0,8
2022,18,alonso,59.0,9
2022,18,bottas,44.0,10
2022,18,ricciardo,26.0,11
2022,18,vettel,24.0,12
2022,18,gasly,23.0,13
2022,18,kevin_magnussen,19.0,14
2022,18,stroll,13.0,15
2022,18,mick_schumacher,12.0,16
2022,18,tsunoda,11.0,17
2022,18,zhou,6.0,18
2022,18,albon,4.0,19
2022,18,de_vries,2.0,20
2022,18,latifi,0.0,21
2022,18,hulkenberg,0.0,21
2022,19,max_verstappen,350.0,1
2022,19,perez,243.0,2
2022,19,leclerc,238.0,3
2022,19,russell,202.0,4
2022,19,sainz,191.0,5
2022,19,hamilton,179.0,6
2022,19,norris,97.0,7
2022,19,ocon,75.0,8
2022,19,alonso,65.0,9
2022,19,bottas,44.0,10
2022,19,vettel,32.0,11
2022,19,ricciardo,26.0,12
2022,19,gasly,23.0,13
2022,19,kevin_magnussen,19.0,14
2022,19,stroll,13.0,15
2022,19,mick_schumacher,12.0,16
2022,19,tsunoda,11.0,17
2022,19,zhou,6.0,18
2022,19,albon,4.0,19
2022,19,latifi,2.0,20
2022,19,de_vries,2.0,20
2022,19,hulkenberg,0.0,22
2022,20,max_verstappen,375.0,1
2022,20,perez,255.0,2
2022,20,leclerc,253.0,3
2022,20,russell,213.0,4
2022,20,hamilton,197.0,5
2022,20,sainz,191.0,6
2022,20,norris,105.0,7
2022,20,ocon,75.0,8
2022,20,alonso,71.0,9
2022,20,bottas,44.0,10
2022,20,vettel,36.0,11
2022,20,ricciardo,26.0,12
2022,20,gasly,23.0,13
2022,20,kevin_magnussen,21.0,14
2022,20,stroll,13.0,15
2022,20,tsunoda,12.0,16
2022,20,mick_schumacher,12.0,16
2022,20,zhou,6.0,18
2022,20,albon,4.0,19
2022,20,latifi,2.0,20
2022,20,de_vries,2.0,20
2022,20,hulkenberg,0.0,22
2022,21,max_verstappen,400.0,1
2022,21,perez,270.0,2
2022,21,leclerc,261.0,3
2022,21,russell,226.0,4
2022,21,hamilton,215.0,5
2022,21,sainz,201.0,6
2022,21,norris,107.0,7
2022,21,ocon,79.0,8
2022,21,alonso,71.0,9
2022,21,bottas,45.0,10
2022,21,vettel,36.0,11
2022,21,ricciardo,32.0,12
2022,21,gasly,23.0,13
2022,21,kevin_magnussen,21.0,14
2022,21,stroll,13.0,15
2022,21,tsunoda,12.0,16
2022,21,mick_schumacher,12.0,16
2022,21,zhou,6.0,18
2022,21,albon,4.0,19
2022,21,latifi,2.0,20
2022,21,de_vries,2.0,20
2022,21,hulkenberg,0.0,22
2022,22,max_verstappen,408.0,1
2022,22,perez,276.0,2
2022,22,leclerc,273.0,3
2022,22,russell,252.0,4
2022,22,hamilton,233.0,5
2022,22,sainz,216.0,6
2022,22,norris,107.0,7
2022,22,ocon,83.0,8
2022,22,alonso,81.0,9
2022,22,bottas,47.0,10
2022,22,vettel,36.0,11
2022,22,ricciardo,32.0,12
2022,22,gasly,23.0,13
2022,22,kevin_magnussen,21.0,14
2022,22,stroll,14.0,15
2022,22,tsunoda,12.0,16
2022,22,mick_schumacher,12.0,16
2022,22,zhou,6.0,18
2022,22,albon,4.0,19
2022,22,latifi,2.0,20
2022,22,de_vries,2.0,20
2022,22,hulkenberg,0.0,22
2023,2,max_verstappen,25.0,1
2023,2,perez,18.0,2
2023,2,alonso,15.0,3
2023,2,sainz,12.0,4
2023,2,hamilton,10.0,5
2023,2,stroll,8.0,6
2023,2,russell,6.0,7
2023,2,bottas,4.0,8
2023,2,gasly,2.0,9
2023,2,albon,1.0,10
2023,2,tsunoda,0.0,11
2023,2,sargeant,0.0,11
2023,2,kevin_magnussen,0.0,11
2023,2,de_vries,0.0,11
2023,2,hulkenberg,0.0,11
2023,2,zhou,0.0,11
2023,2,norris,0.0,11
2023,2,ocon,0.0,11
2023,2,leclerc,0.0,11
2023,2,piastri,0.0,11
2023,3,max_verstappen,44.0,1
2023,3,perez,43.0,2
2023,3,alonso,30.0,3
2023,3,sainz,20.0,4
2023,3,hamilton,20.0,4
2023,3,russell,18.0,6
2023,3,stroll,8.0,7
2023,3,leclerc,6.0,8
2023,3,bottas,4.0,9
2023,3,gasly,4.0,9
2023,3,ocon,4.0,9
2023,3,albon,1.0,12
2023,3,kevin_magnussen,1.0,12
2023,3,tsunoda,0.0,14
2023,3,sargeant,0.0,14
2023,3,de_vries,0.0,14
2023,3,hulkenberg,0.0,14
2023,3,zhou,0.0,14
2023,3,norris,0.0,14
2023,3,piastri,0.0,14
2023,4,max_verstappen,69.0,1
2023,4,perez,54.0,2
2023,4,alonso,45.0,3
2023,4,hamilton,38.0,4
2023,4,sainz,20.0,5
2023,4,stroll,20.0,5
2023,4,russell,18.0,7
2023,4,norris,8.0,8
2023,4,hulkenberg,6.0,9
2023,4,leclerc,6.0,9
2023,4,bottas,4.0,11
2023,4,gasly,4.0,11
2023,4,ocon,4.0,11
2023,4,piastri,4.0,11
2023,4,zhou,2.0,15
2023,4,albon,1.0,16
2023,4,tsunoda,1.0,16
2023,4,kevin_magnussen,1.0,16
2023,4,sargeant,0.0,19
2023,4,de_vries,0.0,19
2023,5,max_verstappen,87.0,1
2023,5,perez,79.0,2
2023,5,alonso,57.0,3
2023,5,hamilton,46.0,4
2023,5,sainz,30.0,5
2023,5,stroll,26.0,6
2023,5,russell,23.0,7
2023,5,leclerc,21.0,8
2023,5,norris,10.0,9
2023,5,hulkenberg,6.0,10
2023,5,bottas,4.0,11
2023,5,gasly,4.0,11
2023,5,ocon,4.0,11
2023,5,piastri,4.0,11
2023,5,tsunoda,2.0,15
2023,5,zhou,2.0,15
2023,5,albon,1.0,17
2023,5,kevin_magnussen,1.0,17
2023,5,sargeant,0.0,19
2023,5,de_vries,0.0,19
2023,6,max_verstappen,113.0,1
2023,6,perez,97.0,2
2023,6,alonso,72.0,3
2023,6,hamilton,54.0,4
2023,6,sainz,40.0,5
2023,6,russell,35.0,6
2023,6,leclerc,27.0,7
2023,6,stroll,26.0,8
2023,6,norris,10.0,9
2023,6,gasly,8.0,10
2023,6,hulkenberg,6.0,11
2023,6,ocon,6.0,11
2023,6,bottas,4.0,13
2023,6,piastri,4.0,13
2023,6,tsunoda,2.0,15
2023,6,kevin_magnussen,2.0,15
2023,6,zhou,2.0,15
2023,6,albon,1.0,18
2023,6,sargeant,0.0,19
2023,6,de_vries,0.0,19
2023,7,max_verstappen,138.0,1
2023,7,perez,97.0,2
2023,7,alonso,90.0,3
2023,7,hamilton,67.0,4
2023,7,russell,45.0,5
2023,7,sainz,44.0,6
2023,7,leclerc,35.0,7
2023,7,stroll,26.0,8
2023,7,ocon,21.0,9
2023,7,gasly,14.0,10
2023,7,norris,12.0,11
2023,7,hulkenberg,6.0,12
2023,7,piastri,5.0,13
2023,7,bottas,4.0,14
2023,7,tsunoda,2.0,15
2023,7,kevin_magnussen,2.0,15
2023,7,zhou,2.0,15
2023,7,albon,1.0,18
2023,7,sargeant,0.0,19
2023,7,de_vries,0.0,19
2023,8,max_verstappen,164.0,1
2023,8,perez,109.0,2
2023,8,alonso,96.0,3
2023,8,hamilton,85.0,4
2023,8,russell,60.0,5
2023,8,sainz,54.0,6
2023,8,leclerc,35.0,7
2023,8,stroll,34.0,8
2023,8,ocon,25.0,9
2023,8,gasly,15.0,10
2023,8,norris,12.0,11
2023,8,hulkenberg,6.0,12
2023,8,piastri,5.0,13
2023,8,bottas,4.0,14
2023,8,zhou,4.0,14
2023,8,tsunoda,2.0,16
2023,8,kevin_magnussen,2.0,16
2023,8,albon,1.0,18
2023,8,sargeant,0.0,19
2023,8,de_vries,0.0,19
2023,9,max_verstappen,189.0,1
2023,9,perez,118.0,2
2023,9,alonso,114.0,3
2023,9,hamilton,100.0,4
2023,9,sainz,64.0,5
2023,9,russell,60.0,6
2023,9,leclerc,47.0,7
2023,9,stroll,36.0,8
2023,9,ocon,29.0,9
2023,9,gasly,15.0,10
2023,9,norris,12.0,11
2023,9,albon,7.0,12
2023,9,hulkenberg,6.0,13
2023,9,bottas,5.0,14
2023,9,piastri,5.0,14
2023,9,zhou,4.0,16
2023,9,tsunoda,2.0,17
2023,9,kevin_magnussen,2.0,17
2023,9,sargeant,0.0,19
2023,9,de_vries,0.0,19
2023,10,max_verstappen,215.0,1
2023,10,perez,133.0,2
2023,10,alonso,124.0,3
2023,10,hamilton,104.0,4
2023,10,sainz,72.0,5
2023,10,russell,66.0,6
2023,10,leclerc,65.0,7
2023,10,stroll,38.0,8
2023,10,ocon,29.0,9
2023,10,norris,24.0,10
2023,10,gasly,16.0,11
2023,10,albon,7.0,12
2023,10,hulkenberg,6.0,13
2023,10,bottas,5.0,14
2023,10,piastri,5.0,14
2023,10,zhou,4.0,16
2023,10,tsunoda,2.0,17
2023,10,kevin_magnussen,2.0,17
2023,10,sargeant,0.0,19
2023,10,de_vries,0.0,19
2023,11,max_verstappen,241.0,1
2023,11,perez,141.0,2
2023,11,alonso,130.0,3
2023,11,hamilton,119.0,4
2023,11,russell,76.0,5
2023,11,sainz,73.0,6
2023,11,leclerc,67.0,7
2023,11,norris,42.0,8
2023,11,stroll,38.0,9
2023,11,ocon,29.0,10
2023,11,piastri,17.0,11
2023,11,gasly,16.0,12
2023,11,albon,11.0,13
2023,11,hulkenberg,6.0,14
2023,11,bottas,5.0,15
2023,11,zhou,4.0,16
2023,11,tsunoda,2.0,17
2023,11,kevin_magnussen,2.0,17
2023,11,sargeant,0.0,19
2023,11,de_vries,0.0,19
2023,12,max_verstappen,267.0,1
2023,12,perez,156.0,2
2023,12,alonso,132.0,3
2023,12,hamilton,131.0,4
2023,12,russell,84.0,5
2023,12,sainz,77.0,6
2023,12,leclerc,73.0,7
2023,12,norris,60.0,8
2023,12,stroll,39.0,9
2023,12,ocon,29.0,10
2023,12,piastri,27.0,11
2023,12,gasly,16.0,12
2023,12,albon,11.0,13
2023,12,hulkenberg,6.0,14
2023,12,bottas,5.0,15
2023,12,zhou,4.0,16
2023,12,tsunoda,2.0,17
2023,12,kevin_magnussen,2.0,17
2023,12,sargeant,0.0,19
2023,12,de_vries,0.0,19
2023,12,ricciardo,0.0,19
2023,13,max_verstappen,292.0,1
2023,13,perez,174.0,2
2023,13,hamilton,144.0,3
2023,13,alonso,142.0,4
2023,13,russell,92.0,5
2023,13,leclerc,88.0,6
2023,13,sainz,77.0,7
2023,13,norris,66.0,8
2023,13,stroll,41.0,9
2023,13,ocon,33.0,10
2023,13,piastri,27.0,11
2023,13,gasly,16.0,12
2023,13,albon,11.0,13
2023,13,hulkenberg,6.0,14
2023,13,bottas,5.0,15
2023,13,zhou,4.0,16
2023,13,tsunoda,3.0,17
2023,13,kevin_magnussen,2.0,18
2023,13,sargeant,0.0,19
2023,13,de_vries,0.0,19
2023,13,ricciardo,0.0,19
2023,14,max_verstappen,317.0,1
2023,14,perez,186.0,2
2023,14,alonso,161.0,3
2023,14,hamilton,152.0,4
2023,14,russell,92.0,5
2023,14,leclerc,88.0,6
2023,14,sainz,87.0,7
2023,14,norris,72.0,8
2023,14,stroll,41.0,9
2023,14,ocon,34.0,10
2023,14,gasly,31.0,11
2023,14,piastri,29.0,12
2023,14,albon,15.0,13
2023,14,hulkenberg,6.0,14
2023,14,bottas,5.0,15
2023,14,zhou,4.0,16
2023,14,tsunoda,3.0,17
2023,14,kevin_magnussen,2.0,18
2023,14,sargeant,0.0,19
2023,14,de_vries,0.0,19
2023,14,ricciardo,0.0,19
2023,14,lawson,0.0,19
2023,15,max_verstappen,342.0,1
2023,15,perez,204.0,2
2023,15,alonso,163.0,3
2023,15,hamilton,160.0,4
2023,15,sainz,102.0,5
2023,15,russell,102.0,5
2023,15,leclerc,100.0,7
2023,15,norris,76.0,8
2023,15,stroll,41.0,9
2023,15,ocon,34.0,10
2023,15,gasly,31.0,11
2023,15,piastri,29.0,12
2023,15,albon,21.0,13
2023,15,bottas,6.0,14
2023,15,hulkenberg,6.0,14
2023,15,zhou,4.0,16
2023,15,tsunoda,3.0,17
2023,15,kevin_magnussen,2.0,18
2023,15,sargeant,0.0,19
2023,15,de_vries,0.0,19
2023,15,ricciardo,0.0,19
2023,15,lawson,0.0,19
2023,16,max_verstappen,352.0,1
2023,16,perez,208.0,2
2023,16,hamilton,176.0,3
2023,16,alonso,163.0,4
2023,16,sainz,127.0,5
2023,16,leclerc,112.0,6
2023,16,russell,102.0,7
2023,16,norris,94.0,8
2023,16,stroll,41.0,9
2023,16,gasly,39.0,10
2023,16,piastri,35.0,11
2023,16,ocon,34.0,12
2023,16,albon,21.0,13
2023,16,bottas,6.0,14
2023,16,hulkenberg,6.0,14
2023,16,zhou,4.0,16
2023,16,tsunoda,3.0,17
2023,16,kevin_magnussen,3.0,17
2023,16,lawson,2.0,19
2023,16,sargeant,0.0,20
2023,16,de_vries,0.0,20
2023,16,ricciardo,0.0,20
2023,17,max_verstappen,378.0,1
2023,17,perez,208.0,2
2023,17,hamilton,186.0,3
2023,17,alonso,167.0,4
2023,17,sainz,135.0,5
2023,17,leclerc,124.0,6
2023,17,norris,112.0,7
2023,17,russell,108.0,8
2023,17,piastri,50.0,9
2023,17,stroll,41.0,10
2023,17,gasly,40.0,11
2023,17,ocon,36.0,12
2023,17,albon,21.0,13
2023,17,bottas,6.0,14
2023,17,hulkenberg,6.0,14
2023,17,zhou,4.0,16
2023,17,tsunoda,3.0,17
2023,17,kevin_magnussen,3.0,17
2023,17,lawson,2.0,19
2023,17,sargeant,0.0,20
2023,17,de_vries,0.0,20
2023,17,ricciardo,0.0,20
2023,18,max_verstappen,404.0,1
2023,18,perez,209.0,2
2023,18,hamilton,186.0,3
2023,18,alonso,175.0,4
2023,18,sainz,135.0,5
2023,18,leclerc,134.0,6
2023,18,norris,127.0,7
2023,18,russell,120.0,8
2023,18,piastri,68.0,9
2023,18,ocon,42.0,10
2023,18,stroll,41.0,11
2023,18,gasly,40.0,12
2023,18,albon,21.0,13
2023,18,bottas,10.0,14
2023,18,hulkenberg,6.0,15
2023,18,zhou,6.0,15
2023,18,tsunoda,3.0,17
2023,18,kevin_magnussen,3.0,17
2023,18,lawson,2.0,19
2023,18,sargeant,0.0,20
2023,18,de_vries,0.0,20
2023,18,ricciardo,0.0,20
2023,19,max_verstappen,429.0,1
2023,19,perez,221.0,2
2023,19,hamilton,186.0,3
2023,19,alonso,175.0,4
2023,19,sainz,150.0,5
2023,19,norris,145.0,6
2023,19,leclerc,134.0,7
2023,19,russell,130.0,8
2023,19,piastri,68.0,9
2023,19,gasly,48.0,10
2023,19,stroll,47.0,11
2023,19,ocon,42.0,12
2023,19,albon,23.0,13
2023,19,bottas,10.0,14
2023,19,tsunoda,8.0,15
2023,19,hulkenberg,6.0,16
2023,19,zhou,6.0,16
2023,19,kevin_magnussen,3.0,18
2023,19,lawson,2.0,19
2023,19,sargeant,1.0,20
2023,19,de_vries,0.0,21
2023,19,ricciardo,0.0,21
2023,20,max_verstappen,454.0,1
2023,20,perez,221.0,2
2023,20,hamilton,205.0,3
2023,20,alonso,175.0,4
2023,20,sainz,162.0,5
2023,20,norris,155.0,6
2023,20,leclerc,149.0,7
2023,20,russell,138.0,8
2023,20,piastri,72.0,9
2023,20,gasly,48.0,10
2023,20,stroll,47.0,11
2023,20,ocon,43.0,12
2023,20,albon,25.0,13
2023,20,bottas,10.0,14
2023,20,tsunoda,8.0,15
2023,20,hulkenberg,6.0,16
2023,20,zhou,6.0,16
2023,20,ricciardo,6.0,16
2023,20,kevin_magnussen,3.0,19
2023,20,lawson,2.0,20
2023,20,sargeant,1.0,21
2023,20,de_vries,0.0,22
2023,21,max_verstappen,479.0,1
2023,21,perez,233.0,2
2023,21,hamilton,209.0,3
2023,21,alonso,190.0,4
2023,21,norris,174.0,5
2023,21,sainz,170.0,6
2023,21,leclerc,149.0,7
2023,21,russell,138.0,8
2023,21,piastri,72.0,9
2023,21,stroll,57.0,10
2023,21,gasly,54.0,11
2023,21,ocon,44.0,12
2023,21,albon,25.0,13
2023,21,bottas,10.0,14
2023,21,tsunoda,10.0,14
2023,21,hulkenberg,6.0,16
2023,21,zhou,6.0,16
2023,21,ricciardo,6.0,16
2023,21,kevin_magnussen,3.0,19
2023,21,lawson,2.0,20
2023,21,sargeant,1.0,21
2023,21,de_vries,0.0,22
2023,22,max_verstappen,504.0,1
2023,22,perez,248.0,2
2023,22,hamilton,215.0,3
2023,22,alonso,192.0,4
2023,22,sainz,178.0,5
2023,22,norris,174.0,6
2023,22,leclerc,167.0,7
2023,22,russell,142.0,8
2023,22,piastri,74.0,9
2023,22,stroll,67.0,10
2023,22,ocon,56.0,11
2023,22,gasly,54.0,12
2023,22,albon,25.0,13
2023,22,bottas,10.0,14
2023,22,tsunoda,10.0,14
2023,22,hulkenberg,6.0,16
2023,22,zhou,6.0,16
2023,22,ricciardo,6.0,16
2023,22,kevin_magnussen,3.0,19
2023,22,lawson,2.0,20
2023,22,sargeant,1.0,21
2023,22,de_vries,0.0,22
2024,2,max_verstappen,26.0,1
2024,2,perez,18.0,2
2024,2,sainz,15.0,3
2024,2,leclerc,12.0,4
2024,2,russell,10.0,5
2024,2,norris,8.0,6
2024,2,hamilton,6.0,7
2024,2,piastri,4.0,8
2024,2,alonso,2.0,9
2024,2,stroll,1.0,10
2024,2,zhou,0.0,11
2024,2,kevin_magnussen,0.0,11
2024,2,ricciardo,0.0,11
2024,2,tsunoda,0.0,11
2024,2,albon,0.0,11
2024,2,hulkenberg,0.0,11
2024,2,ocon,0.0,11
2024,2,gasly,0.0,11
2024,2,bottas,0.0,11
2024,2,sargeant,0.0,11
2024,3,max_verstappen,51.0,1
2024,3,perez,36.0,2
2024,3,leclerc,28.0,3
2024,3,russell,18.0,4
2024,3,piastri,16.0,5
2024,3,sainz,15.0,6
2024,3,norris,12.0,7
2024,3,alonso,12.0,7
2024,3,hamilton,8.0,9
2024,3,bearman,6.0,10
2024,3,stroll,1.0,11
2024,3,hulkenberg,1.0,11
2024,3,zhou,0.0,13
2024,3,kevin_magnussen,0.0,13
2024,3,ricciardo,0.0,13
2024,3,tsunoda,0.0,13
2024,3,albon,0.0,13
2024,3,ocon,0.0,13
2024,3,gasly,0.0,13
2024,3,bottas,0.0,13
2024,3,sargeant,0.0,13
2024,4,max_verstappen,51.0,1
2024,4,leclerc,47.0,2
2024,4,perez,46.0,3
2024,4,sainz,40.0,4
2024,4,piastri,28.0,5
2024,4,norris,27.0,6
2024,4,russell,18.0,7
2024,4,alonso,16.0,8
2024,4,stroll,9.0,9
2024,4,hamilton,8.0,10
2024,4,tsunoda,6.0,11
2024,4,bearman,6.0,11
2024,4,hulkenberg,3.0,13
2024,4,kevin_magnussen,1.0,14
2024,4,zhou,0.0,15
2024,4,ricciardo,0.0,15
2024,4,albon,0.0,15
2024,4,ocon,0.0,15
2024,4,gasly,0.0,15
2024,4,bottas,0.0,15
2024,4,sargeant,0.0,15
2024,5,max_verstappen,77.0,1
2024,5,perez,64.0,2
2024,5,leclerc,59.0,3
2024,5,sainz,55.0,4
2024,5,norris,37.0,5
2024,5,piastri,32.0,6
2024,5,russell,24.0,7
2024,5,alonso,24.0,7
2024,5,hamilton,10.0,9
2024,5,stroll,9.0,10
2024,5,tsunoda,7.0,11
2024,5,bearman,6.0,12
2024,5,hulkenberg,3.0,13
2024,5,kevin_magnussen,1.0,14
2024,5,zhou,0.0,15
2024,5,ricciardo,0.0,15
2024,5,albon,0.0,15
2024,5,ocon,0.0,15
2024,5,gasly,0.0,15
2024,5,bottas,0.0,15
2024,5,sargeant,0.0,15
2024,6,max_verstappen,102.0,1
2024,6,perez,79.0,2
2024,6,leclerc,71.0,3
2024,6,sainz,65.0,4
2024,6,norris,55.0,5
2024,6,piastri,36.0,6
2024,6,russell,32.0,7
2024,6,alonso,31.0,8
2024,6,hamilton,12.0,9
2024,6,stroll,9.0,10
2024,6,tsunoda,7.0,11
2024,6,bearman,6.0,12
2024,6,hulkenberg,4.0,13
2024,6,kevin_magnussen,1.0,14
2024,6,zhou,0.0,15
2024,6,ricciardo,0.0,15
2024,6,albon,0.0,15
2024,6,ocon,0.0,15
2024,6,gasly,0.0,15
2024,6,bottas,0.0,15
2024,6,sargeant,0.0,15
2024,7,max_verstappen,120.0,1
2024,7,perez,91.0,2
2024,7,leclerc,86.0,3
2024,7,norris,80.0,4
2024,7,sainz,75.0,5
2024,7,russell,36.0,6
2024,7,piastri,36.0,6
2024,7,alonso,33.0,8
2024,7,hamilton,20.0,9
2024,7,tsunoda,13.0,10
2024,7,stroll,9.0,11
2024,7,bearman,6.0,12
2024,7,hulkenberg,4.0,13
2024,7,kevin_magnussen,1.0,14
2024,7,ocon,1.0,14
2024,7,zhou,0.0,16
2024,7,ricciardo,0.0,16
2024,7,albon,0.0,16
2024,7,gasly,0.0,16
2024,7,bottas,0.0,16
2024,7,sargeant,0.0,16
2024,8,max_verstappen,145.0,1
2024,8,leclerc,101.0,2
2024,8,norris,98.0,3
2024,8,perez,95.0,4
2024,8,sainz,85.0,5
2024,8,piastri,48.0,6
2024,8,russell,43.0,7
2024,8,alonso,33.0,8
2024,8,hamilton,28.0,9
2024,8,tsunoda,14.0,10
2024,8,stroll,11.0,11
2024,8,bearman,6.0,12
2024,8,hulkenberg,4.0,13
2024,8,kevin_magnussen,1.0,14
2024,8,ocon,1.0,14
2024,8,zhou,0.0,16
2024,8,ricciardo,0.0,16
2024,8,albon,0.0,16
2024,8,gasly,0.0,16
2024,8,bottas,0.0,16
2024,8,sargeant,0.0,16
2024,9,max_verstappen,153.0,1
2024,9,leclerc,126.0,2
2024,9,norris,110.0,3
2024,9,sainz,100.0,4
2024,9,perez,95.0,5
2024,9,piastri,66.0,6
2024,9,russell,53.0,7
2024,9,hamilton,35.0,8
2024,9,alonso,33.0,9
2024,9,tsunoda,18.0,10
2024,9,stroll,11.0,11
2024,9,bearman,6.0,12
2024,9,hulkenberg,4.0,13
2024,9,albon,2.0,14
2024,9,kevin_magnussen,1.0,15
2024,9,ocon,1.0,15
2024,9,gasly,1.0,15
2024,9,zhou,0.0,18
2024,9,ricciardo,0.0,18
2024,9,bottas,0.0,18
2024,9,sargeant,0.0,18
2024,10,max_verstappen,178.0,1
2024,10,norris,128.0,2
2024,10,leclerc,126.0,3
2024,10,sainz,100.0,4
2024,10,perez,95.0,5
2024,10,piastri,76.0,6
2024,10,russell,68.0,7
2024,10,hamilton,48.0,8
2024,10,alonso,41.0,9
2024,10,tsunoda,18.0,10
2024,10,stroll,17.0,11
2024,10,bearman,6.0,12
2024,10,ricciardo,4.0,13
2024,10,hulkenberg,4.0,13
2024,10,gasly,3.0,15
2024,10,albon,2.0,16
2024,10,ocon,2.0,16
2024,10,kevin_magnussen,1.0,18
2024,10,zhou,0.0,19
2024,10,bottas,0.0,19
2024,10,sargeant,0.0,19
2024,11,max_verstappen,203.0,1
2024,11,norris,147.0,2
2024,11,leclerc,136.0,3
2024,11,sainz,108.0,4
2024,11,perez,99.0,5
2024,11,piastri,82.0,6
2024,11,russell,80.0,7
2024,11,hamilton,63.0,8
2024,11,alonso,41.0,9
2024,11,tsunoda,18.0,10
2024,11,stroll,17.0,11
2024,11,bearman,6.0,12
2024,11,gasly,5.0,13
2024,11,ricciardo,4.0,14
2024,11,hulkenberg,4.0,14
2024,11,ocon,3.0,16
2024,11,albon,2.0,17
2024,11,kevin_magnussen,1.0,18
2024,11,zhou,0.0,19
2024,11,bottas,0.0,19
2024,11,sargeant,0.0,19
2024,12,max_verstappen,213.0,1
2024,12,norris,147.0,2
2024,12,leclerc,136.0,3
2024,12,sainz,123.0,4
2024,12,perez,105.0,5
2024,12,russell,105.0,5
2024,12,piastri,100.0,7
2024,12,hamilton,75.0,8
2024,12,alonso,41.0,9
2024,12,tsunoda,18.0,10
2024,12,stroll,17.0,11
2024,12,hulkenberg,12.0,12
2024,12,ricciardo,6.0,13
2024,12,gasly,6.0,13
2024,12,bearman,6.0,13
2024,12,kevin_magnussen,5.0,16
2024,12,ocon,3.0,17
2024,12,albon,2.0,18
2024,12,zhou,0.0,19
2024,12,bottas,0.0,19
2024,12,sargeant,0.0,19
2024,13,max_verstappen,231.0,1
2024,13,norris,162.0,2
2024,13,leclerc,136.0,3
2024,13,sainz,134.0,4
2024,13,piastri,112.0,5
2024,13,perez,105.0,6
2024,13,russell,105.0,6
2024,13,hamilton,100.0,8
2024,13,alonso,45.0,9
2024,13,stroll,23.0,10
2024,13,hulkenberg,20.0,11
2024,13,tsunoda,19.0,12
2024,13,ricciardo,6.0,13
2024,13,gasly,6.0,13
2024,13,bearman,6.0,13
2024,13,kevin_magnussen,5.0,16
2024,13,albon,4.0,17
2024,13,ocon,3.0,18
2024,13,zhou,0.0,19
2024,13,bottas,0.0,19
2024,13,sargeant,0.0,19
2024,14,max_verstappen,241.0,1
2024,14,norris,180.0,2
2024,14,leclerc,148.0,3
2024,14,sainz,142.0,4
2024,14,piastri,137.0,5
2024,14,hamilton,115.0,6
2024,14,perez,111.0,7
2024,14,russell,110.0,8
2024,14,alonso,45.0,9
2024,14,stroll,24.0,10
2024,14,tsunoda,21.0,11
2024,14,hulkenberg,20.0,12
2024,14,ricciardo,6.0,13
2024,14,gasly,6.0,13
2024,14,bearman,6.0,13
2024,14,kevin_magnussen,5.0,16
2024,14,albon,4.0,17
2024,14,ocon,3.0,18
2024,14,zhou,0.0,19
2024,14,bottas,0.0,19
2024,14,sargeant,0.0,19
2024,15,max_verstappen,253.0,1
2024,15,norris,190.0,2
2024,15,leclerc,163.0,3
2024,15,piastri,155.0,4
2024,15,sainz,150.0,5
2024,15,hamilton,140.0,6
2024,15,perez,118.0,7
2024,15,russell,110.0,8
2024,15,alonso,49.0,9
2024,15,stroll,24.0,10
2024,15,tsunoda,21.0,11
2024,15,hulkenberg,20.0,12
2024,15,ricciardo,7.0,13
2024,15,gasly,6.0,14
2024,15,bearman,6.0,14
2024,15,kevin_magnussen,5.0,16
2024,15,ocon,5.0,16
2024,15,albon,4.0,18
2024,15,zhou,0.0,19
2024,15,bottas,0.0,19
2024,15,sargeant,0.0,19
2024,16,max_verstappen,271.0,1
2024,16,norris,216.0,2
2024,16,leclerc,178.0,3
2024,16,piastri,167.0,4
2024,16,sainz,160.0,5
2024,16,hamilton,144.0,6
2024,16,perez,126.0,7
2024,16,russell,116.0,8
2024,16,alonso,50.0,9
2024,16,stroll,24.0,10
2024,16,tsunoda,21.0,11
2024,16,hulkenberg,20.0,12
2024,16,gasly,8.0,13
2024,16,ricciardo,7.0,14
2024,16,bearman,6.0,15
2024,16,kevin_magnussen,5.0,16
2024,16,ocon,5.0,16
2024,16,albon,4.0,18
2024,16,zhou,0.0,19
2024,16,bottas,0.0,19
2024,16,sargeant,0.0,19
2024,17,max_verstappen,279.0,1
2024,17,norris,232.0,2
2024,17,leclerc,203.0,3
2024,17,piastri,185.0,4
2024,17,sainz,172.0,5
2024,17,hamilton,154.0,6
2024,17,perez,130.0,7
2024,17,russell,122.0,8
2024,17,alonso,50.0,9
2024,17,stroll,24.0,10
2024,17,tsunoda,21.0,11
2024,17,hulkenberg,20.0,12
2024,17,gasly,8.0,13
2024,17,ricciardo,7.0,14
2024,17,kevin_magnussen,6.0,15
2024,17,albon,6.0,15
2024,17,bearman,6.0,15
2024,17,ocon,5.0,18
2024,17,zhou,0.0,19
2024,17,bottas,0.0,19
2024,17,sargeant,0.0,19
2024,17,colapinto,0.0,19
2024,18,max_verstappen,289.0,1
2024,18,norris,245.0,2
2024,18,leclerc,221.0,3
2024,18,piastri,210.0,4
2024,18,sainz,172.0,5
2024,18,hamilton,156.0,6
2024,18,russell,137.0,7
2024,18,perez,130.0,8
2024,18,alonso,58.0,9
2024,18,stroll,24.0,10
2024,18,tsunoda,21.0,11
2024,18,hulkenberg,20.0,12
2024,18,albon,12.0,13
2024,18,gasly,8.0,14
2024,18,ricciardo,7.0,15
2024,18,bearman,7.0,15
2024,18,kevin_magnussen,6.0,17
2024,18,ocon,5.0,18
2024,18,colapinto,4.0,19
2024,18,zhou,0.0,20
2024,18,bottas,0.0,20
2024,18,sargeant,0.0,20
2024,19,max_verstappen,307.0,1
2024,19,norris,270.0,2
2024,19,leclerc,231.0,3
2024,19,piastri,225.0,4
2024,19,sainz,178.0,5
2024,19,hamilton,164.0,6
2024,19,russell,149.0,7
2024,19,perez,131.0,8
2024,19,alonso,62.0,9
2024,19,stroll,24.0,10
2024,19,hulkenberg,22.0,11
2024,19,tsunoda,21.0,12
2024,19,albon,12.0,13
2024,19,gasly,8.0,14
2024,19,ricciardo,7.0,15
2024,19,bearman,7.0,15
2024,19,kevin_magnussen,6.0,17
2024,19,ocon,5.0,18
2024,19,colapinto,4.0,19
2024,19,zhou,0.0,20
2024,19,bottas,0.0,20
2024,19,sargeant,0.0,20
2024,20,max_verstappen,322.0,1
2024,20,norris,282.0,2
2024,20,leclerc,256.0,3
2024,20,piastri,235.0,4
2024,20,sainz,196.0,5
2024,20,hamilton,164.0,6
2024,20,russell,157.0,7
2024,20,perez,137.0,8
2024,20,alonso,62.0,9
2024,20,hulkenberg,26.0,10
2024,20,stroll,24.0,11
2024,20,tsunoda,21.0,12
2024,20,albon,12.0,13
2024,20,gasly,8.0,14
2024,20,ricciardo,7.0,15
2024,20,bearman,7.0,15
2024,20,kevin_magnussen,6.0,17
2024,20,ocon,5.0,18
2024,20,colapinto,5.0,18
2024,20,lawson,2.0,20
2024,20,zhou,0.0,21
2024,20,bottas,0.0,21
2024,20,sargeant,0.0,21
2024,21,max_verstappen,330.0,1
2024,21,norris,300.0,2
2024,21,leclerc,272.0,3
2024,21,piastri,239.0,4
2024,21,sainz,221.0,5
2024,21,hamilton,176.0,6
2024,21,russell,167.0,7
2024,21,perez,137.0,8
2024,21,alonso,62.0,9
2024,21,hulkenberg,28.0,10
2024,21,stroll,24.0,11
2024,21,tsunoda,21.0,12
2024,21,kevin_magnussen,12.0,13
2024,21,albon,12.0,13
2024,21,gasly,9.0,15
2024,21,ricciardo,7.0,16
2024,21,bearman,7.0,16
2024,21,ocon,5.0,18
2024,21,colapinto,5.0,18
2024,21,lawson,2.0,20
2024,21,zhou,0.0,21
2024,21,bottas,0.0,21
2024,21,sargeant,0.0,21
2024,22,max_verstappen,356.0,1
2024,22,norris,308.0,2
2024,22,leclerc,282.0,3
2024,22,piastri,243.0,4
2024,22,sainz,221.0,5
2024,22,russell,179.0,6
2024,22,hamilton,177.0,7
2024,22,perez,137.0,8
2024,22,alonso,62.0,9
2024,22,hulkenberg,28.0,10
2024,22,tsunoda,27.0,11
2024,22,stroll,24.0,12
2024,22,gasly,24.0,12
2024,22,ocon,23.0,14
2024,22,kevin_magnussen,12.0,15
2024,22,albon,12.0,15
2024,22,ricciardo,7.0,17
2024,22,bearman,7.0,17
2024,22,colapinto,5.0,19
2024,22,lawson,4.0,20
2024,22,zhou,0.0,21
2024,22,bottas,0.0,21
2024,22,sargeant,0.0,21
2024,23,max_verstappen,366.0,1
2024,23,norris,317.0,2
2024,23,leclerc,294.0,3
2024,23,piastri,249.0,4
2024,23,sainz,236.0,5
2024,23,russell,204.0,6
2024,23,hamilton,195.0,7
2024,23,perez,138.0,8
2024,23,alonso,62.0,9
2024,23,hulkenberg,32.0,10
2024,23,tsunoda,29.0,11
2024,23,stroll,24.0,12
2024,23,gasly,24.0,12
2024,23,ocon,23.0,14
2024,23,kevin_magnussen,12.0,15
2024,23,albon,12.0,15
2024,23,ricciardo,7.0,17
2024,23,bearman,7.0,17
2024,23,colapinto,5.0,19
2024,23,lawson,4.0,20
2024,23,zhou,0.0,21
2024,23,bottas,0.0,21
2024,23,sargeant,0.0,21
2024,24,max_verstappen,391.0,1
2024,24,norris,319.0,2
2024,24,leclerc,312.0,3
2024,24,piastri,264.0,4
2024,24,sainz,244.0,5
2024,24,russell,216.0,6
2024,24,hamilton,195.0,7
2024,24,perez,138.0,8
2024,24,alonso,68.0,9
2024,24,gasly,34.0,10
2024,24,hulkenberg,32.0,11
2024,24,tsunoda,29.0,12
2024,24,stroll,24.0,13
2024,24,ocon,23.0,14
2024,24,kevin_magnussen,14.0,15
2024,24,albon,12.0,16
2024,24,ricciardo,7.0,17
2024,24,bearman,7.0,17
2024,24,colapinto,5.0,19
2024,24,zhou,4.0,20
2024,24,lawson,4.0,20
2024,24,bottas,0.0,22
2024,24,sargeant,0.0,22
2025,2,norris,25.0,1
2025,2,max_verstappen,18.0,2
2025,2,russell,15.0,3
2025,2,antonelli,12.0,4
2025,2,albon,10.0,5
2025,2,stroll,8.0,6
2025,2,hulkenberg,6.0,7
2025,2,leclerc,4.0,8
2025,2,piastri,2.0,9
2025,2,hamilton,1.0,10
2025,2,gasly,0.0,11
2025,2,tsunoda,0.0,11
2025,2,ocon,0.0,11
2025,2,bearman,0.0,11
2025,2,lawson,0.0,11
2025,2,bortoleto,0.0,11
2025,2,alonso,0.0,11
2025,2,sainz,0.0,11
2025,2,doohan,0.0,11
2025,2,hadjar,0.0,11
2025,3,norris,43.0,1
2025,3,max_verstappen,30.0,2
2025,3,russell,30.0,2
2025,3,piastri,27.0,4
2025,3,antonelli,20.0,5
2025,3,albon,16.0,6
2025,3,stroll,10.0,7
2025,3,ocon,10.0,7
2025,3,hulkenberg,6.0,9
2025,3,leclerc,4.0,10
2025,3,bearman,4.0,10
2025,3,hamilton,1.0,12
2025,3,sainz,1.0,12
2025,3,gasly,0.0,14
2025,3,tsunoda,0.0,14
2025,3,lawson,0.0,14
2025,3,bortoleto,0.0,14
2025,3,alonso,0.0,14
2025,3,doohan,0.0,14
2025,3,hadjar,0.0,14
2025,4,norris,61.0,1
2025,4,max_verstappen,55.0,2
2025,4,piastri,42.0,3
2025,4,russell,40.0,4
2025,4,antonelli,28.0,5
2025,4,albon,18.0,6
2025,4,leclerc,16.0,7
2025,4,stroll,10.0,8
2025,4,ocon,10.0,8
2025,4,hamilton,7.0,10
2025,4,hulkenberg,6.0,11
2025,4,bearman,5.0,12
2025,4,hadjar,4.0,13
2025,4,sainz,1.0,14
2025,4,gasly,0.0,15
2025,4,tsunoda,0.0,15
2025,4,lawson,0.0,15
2025,4,bortoleto,0.0,15
2025,4,alonso,0.0,15
2025,4,doohan,0.0,15
2025,5,norris,76.0,1
2025,5,piastri,67.0,2
2025,5,max_verstappen,63.0,3
2025,5,russell,58.0,4
2025,5,antonelli,28.0,5
2025,5,leclerc,28.0,5
2025,5,albon,18.0,7
2025,5,hamilton,17.0,8
2025,5,ocon,14.0,9
2025,5,stroll,10.0,10
2025,5,hulkenberg,6.0,11
2025,5,gasly,6.0,11
2025,5,bearman,6.0,11
2025,5,hadjar,4.0,14
2025,5,tsunoda,2.0,15
2025,5,sainz,1.0,16
2025,5,lawson,0.0,17
2025,5,bortoleto,0.0,17
2025,5,alonso,0.0,17
2025,5,doohan,0.0,17
2025,6,piastri,92.0,1
2025,6,norris,88.0,2
2025,6,max_verstappen,81.0,3
2025,6,russell,68.0,4
2025,6,leclerc,43.0,5
2025,6,antonelli,36.0,6
2025,6,hamilton,23.0,7
2025,6,albon,20.0,8
2025,6,ocon,14.0,9
2025,6,stroll,10.0,10
2025,6,hulkenberg,6.0,11
2025,6,gasly,6.0,11
2025,6,bearman,6.0,11
2025,6,sainz,5.0,14
2025,6,hadjar,5.0,14
2025,6,tsunoda,2.0,16
2025,6,lawson,0.0,17
2025,6,bortoleto,0.0,17
2025,6,alonso,0.0,17
2025,6,doohan,0.0,17
2025,7,piastri,117.0,1
2025,7,norris,106.0,2
2025,7,max_verstappen,93.0,3
2025,7,russell,83.0,4
2025,7,leclerc,49.0,5
2025,7,antonelli,44.0,6
2025,7,albon,30.0,7
2025,7,hamilton,27.0,8
2025,7,ocon,14.0,9
2025,7,stroll,10.0,10
2025,7,sainz,7.0,11
2025,7,hulkenberg,6.0,12
2025,7,gasly,6.0,12
2025,7,bearman,6.0,12
2025,7,hadjar,5.0,15
2025,7,tsunoda,3.0,16
2025,7,lawson,0.0,17
2025,7,bortoleto,0.0,17
2025,7,alonso,0.0,17
2025,7,doohan,0.0,17
2025,8,piastri,132.0,1
2025,8,norris,124.0,2
2025,8,max_verstappen,118.0,3
2025,8,russell,89.0,4
2025,8,leclerc,57.0,5
2025,8,antonelli,44.0,6
2025,8,albon,40.0,7
2025,8,hamilton,39.0,8
2025,8,ocon,14.0,9
2025,8,sainz,11.0,10
2025,8,stroll,10.0,11
2025,8,hadjar,7.0,12
2025,8,hulkenberg,6.0,13
2025,8,gasly,6.0,13
2025,8,bearman,6.0,13
2025,8,tsunoda,4.0,16
2025,8,lawson,0.0,17
2025,8,bortoleto,0.0,17
2025,8,alonso,0.0,17
2025,8,doohan,0.0,17
2025,8,colapinto,0.0,17
2025,9,norris,149.0,1
2025,9,piastri,147.0,2
2025,9,max_verstappen,130.0,3
2025,9,russell,89.0,4
2025,9,leclerc,75.0,5
2025,9,hamilton,49.0,6
2025,9,antonelli,44.0,7
2025,9,albon,42.0,8
2025,9,ocon,20.0,9
2025,9,hadjar,15.0,10
2025,9,sainz,12.0,11
2025,9,stroll,10.0,12
2025,9,hulkenberg,6.0,13
2025,9,gasly,6.0,13
2025,9,bearman,6.0,13
2025,9,tsunoda,4.0,16
2025,9,lawson,4.0,16
2025,9,bortoleto,0.0,18
2025,9,alonso,0.0,18
2025,9,doohan,0.0,18
2025,9,colapinto,0.0,18
2025,10,piastri,172.0,1
2025,10,norris,167.0,2
2025,10,max_verstappen,131.0,3
2025,10,russell,101.0,4
2025,10,leclerc,90.0,5
2025,10,hamilton,57.0,6
2025,10,antonelli,44.0,7
2025,10,albon,42.0,8
2025,10,hadjar,21.0,9
2025,10,ocon,20.0,10
2025,10,hulkenberg,16.0,11
2025,10,sainz,12.0,12
2025,10,stroll,10.0,13
2025,10,gasly,10.0,13
2025,10,bearman,6.0,15
2025,10,tsunoda,4.0,16
2025,10,lawson,4.0,16
2025,10,alonso,2.0,18
2025,10,bortoleto,0.0,19
2025,10,doohan,0.0,19
2025,10,colapinto,0.0,19
2025,11,piastri,184.0,1
2025,11,norris,167.0,2
2025,11,max_verstappen,149.0,3
2025,11,russell,126.0,4
2025,11,leclerc,100.0,5
2025,11,hamilton,65.0,6
2025,11,antonelli,59.0,7
2025,11,albon,42.0,8
2025,11,ocon,22.0,9
2025,11,hadjar,21.0,10
2025,11,hulkenberg,20.0,11
2025,11,sainz,13.0,12
2025,11,stroll,10.0,13
2025,11,gasly,10.0,13
2025,11,alonso,8.0,15
2025,11,bearman,6.0,16
2025,11,tsunoda,4.0,17
2025,11,lawson,4.0,17
2025,11,bortoleto,0.0,19
2025,11,doohan,0.0,19
2025,11,colapinto,0.0,19
2025,12,piastri,202.0,1
2025,12,norris,192.0,2
2025,12,max_verstappen,149.0,3
2025,12,russell,136.0,4
2025,12,leclerc,115.0,5
2025,12,hamilton,77.0,6
2025,12,antonelli,59.0,7
2025,12,albon,42.0,8
2025,12,ocon,23.0,9
2025,12,hulkenberg,22.0,10
2025,12,hadjar,21.0,11
2025,12,alonso,14.0,12
2025,12,sainz,13.0,13
2025,12,lawson,12.0,14
2025,12,stroll,10.0,15
2025,12,gasly,10.0,15
2025,12,bearman,6.0,17
2025,12,tsunoda,4.0,18
2025,12,bortoleto,4.0,18
2025,12,doohan,0.0,20
2025,12,colapinto,0.0,20
2025,13,piastri,220.0,1
2025,13,norris,217.0,2
2025,13,max_verstappen,159.0,3
2025,13,russell,137.0,4
2025,13,leclerc,115.0,5
2025,13,hamilton,89.0,6
2025,13,antonelli,59.0,7
2025,13,albon,46.0,8
2025,13,hulkenberg,37.0,9
2025,13,ocon,23.0,10
2025,13,hadjar,21.0,11
2025,13,gasly,18.0,12
2025,13,stroll,16.0,13
2025,13,alonso,16.0,13
2025,13,sainz,13.0,15
2025,13,lawson,12.0,16
2025,13,bearman,6.0,17
2025,13,tsunoda,4.0,18
2025,13,bortoleto,4.0,18
2025,13,doohan,0.0,20
2025,13,colapinto,0.0,20
2025,14,piastri,245.0,1
2025,14,norris,235.0,2
2025,14,max_verstappen,171.0,3
2025,14,russell,147.0,4
2025,14,leclerc,130.0,5
2025,14,hamilton,95.0,6
2025,14,antonelli,59.0,7
2025,14,albon,54.0,8
2025,14,hulkenberg,37.0,9
2025,14,ocon,23.0,10
2025,14,hadjar,21.0,11
2025,14,gasly,19.0,12
2025,14,stroll,16.0,13
2025,14,lawson,16.0,13
2025,14,alonso,16.0,13
2025,14,sainz,13.0,16
2025,14,bearman,6.0,17
2025,14,bortoleto,6.0,17
2025,14,tsunoda,4.0,19
2025,14,doohan,0.0,20
2025,14,colapinto,0.0,20
2025,15,piastri,263.0,1
2025,15,norris,260.0,2
2025,15,max_verstappen,173.0,3
2025,15,russell,162.0,4
2025,15,leclerc,142.0,5
2025,15,hamilton,95.0,6
2025,15,antonelli,60.0,7
2025,15,albon,54.0,8
2025,15,hulkenberg,37.0,9
2025,15,alonso,26.0,10
2025,15,ocon,23.0,11
2025,15,stroll,22.0,12
2025,15,hadjar,21.0,13
2025,15,lawson,20.0,14
2025,15,gasly,19.0,15
2025,15,bortoleto,14.0,16
2025,15,sainz,13.0,17
2025,15,bearman,6.0,18
2025,15,tsunoda,4.0,19
2025,15,doohan,0.0,20
2025,15,colapinto,0.0,20
2025,16,piastri,288.0,1
2025,16,norris,260.0,2
2025,16,max_verstappen,191.0,3
2025,16,russell,174.0,4
2025,16,leclerc,142.0,5
2025,16,hamilton,95.0,6
2025,16,albon,64.0,7
2025,16,antonelli,60.0,8
2025,16,hulkenberg,37.0,9
2025,16,hadjar,36.0,10
2025,16,alonso,30.0,11
2025,16,stroll,28.0,12
2025,16,ocon,24.0,13
2025,16,lawson,20.0,14
2025,16,gasly,19.0,15
2025,16,bearman,14.0,16
2025,16,bortoleto,14.0,16
2025,16,sainz,13.0,18
2025,16,tsunoda,6.0,19
2025,16,doohan,0.0,20
2025,16,colapinto,0.0,20
2025,17,piastri,303.0,1
2025,17,norris,278.0,2
2025,17,max_verstappen,216.0,3
2025,17,russell,184.0,4
2025,17,leclerc,154.0,5
2025,17,hamilton,103.0,6
2025,17,albon,70.0,7
2025,17,antonelli,62.0,8
2025,17,hulkenberg,37.0,9
2025,17,hadjar,37.0,9
2025,17,alonso,30.0,11
2025,17,stroll,28.0,12
2025,17,ocon,24.0,13
2025,17,lawson,20.0,14
2025,17,gasly,19.0,15
2025,17,bortoleto,18.0,16
2025,17,bearman,14.0,17
2025,17,sainz,13.0,18
2025,17,tsunoda,6.0,19
2025,17,doohan,0.0,20
2025,17,colapinto,0.0,20
2025,18,piastri,303.0,1
2025,18,norris,284.0,2
2025,18,max_verstappen,241.0,3
2025,18,russell,202.0,4
2025,18,leclerc,156.0,5
2025,18,hamilton,107.0,6
2025,18,antonelli,74.0,7
2025,18,albon,70.0,8
2025,18,hadjar,38.0,9
2025,18,hulkenberg,37.0,10
2025,18,lawson,30.0,11
2025,18,alonso,30.0,11
2025,18,stroll,28.0,13
2025,18,sainz,28.0,13
2025,18,ocon,24.0,15
2025,18,gasly,19.0,16
2025,18,bortoleto,18.0,17
2025,18,tsunoda,14.0,18
2025,18,bearman,14.0,18
2025,18,doohan,0.0,20
2025,18,colapinto,0.0,20
2025,19,piastri,315.0,1
2025,19,norris,299.0,2
2025,19,max_verstappen,259.0,3
2025,19,russell,227.0,4
2025,19,leclerc,164.0,5
2025,19,hamilton,111.0,6
2025,19,antonelli,84.0,7
2025,19,albon,70.0,8
2025,19,hadjar,38.0,9
2025,19,hulkenberg,37.0,10
2025,19,alonso,36.0,11
2025,19,lawson,30.0,12
2025,19,sainz,29.0,13
2025,19,stroll,28.0,14
2025,19,ocon,24.0,15
2025,19,gasly,19.0,16
2025,19,bortoleto,18.0,17
2025,19,bearman,16.0,18
2025,19,tsunoda,14.0,19
2025,19,doohan,0.0,20
2025,19,colapinto,0.0,20
2025,20,piastri,325.0,1
2025,20,norris,317.0,2
2025,20,max_verstappen,284.0,3
2025,20,russell,235.0,4
2025,20,leclerc,179.0,5
2025,20,hamilton,123.0,6
2025,20,antonelli,84.0,7
2025,20,albon,70.0,8
2025,20,hulkenberg,41.0,9
2025,20,hadjar,38.0,10
2025,20,alonso,37.0,11
2025,20,lawson,30.0,12
2025,20,sainz,29.0,13
2025,20,stroll,28.0,14
2025,20,ocon,24.0,15
2025,20,tsunoda,20.0,16
2025,20,gasly,19.0,17
2025,20,bearman,18.0,18
2025,20,bortoleto,18.0,18
2025,20,doohan,0.0,20
2025,20,colapinto,0.0,20
2025,21,norris,342.0,1
2025,21,piastri,335.0,2
2025,21,max_verstappen,299.0,3
2025,21,russell,241.0,4
2025,21,leclerc,197.0,5
2025,21,hamilton,127.0,6
2025,21,antonelli,92.0,7
2025,21,albon,70.0,8
2025,21,hulkenberg,41.0,9
2025,21,hadjar,38.0,10
2025,21,alonso,37.0,11
2025,21,bearman,30.0,12
2025,21,lawson,30.0,12
2025,21,sainz,29.0,14
2025,21,stroll,28.0,15
2025,21,ocon,26.0,16
2025,21,tsunoda,20.0,17
2025,21,gasly,19.0,18
2025,21,bortoleto,19.0,18
2025,21,doohan,0.0,20
2025,21,colapinto,0.0,20
2025,22,norris,367.0,1
2025,22,piastri,345.0,2
2025,22,max_verstappen,314.0,3
2025,22,russell,253.0,4
2025,22,leclerc,197.0,5
2025,22,hamilton,127.0,6
2025,22,antonelli,110.0,7
2025,22,albon,70.0,8
2025,22,hulkenberg,43.0,9
2025,22,hadjar,42.0,10
2025,22,bearman,38.0,11
2025,22,alonso,37.0,12
2025,22,lawson,36.0,13
2025,22,sainz,29.0,14
2025,22,stroll,28.0,15
2025,22,ocon,26.0,16
2025,22,gasly,20.0,17
2025,22,tsunoda,20.0,17
2025,22,bortoleto,19.0,19
2025,22,doohan,0.0,20
2025,22,colapinto,0.0,20
2025,23,norris,367.0,1
2025,23,piastri,345.0,2
2025,23,max_verstappen,339.0,3
2025,23,russell,271.0,4
2025,23,leclerc,209.0,5
2025,23,hamilton,131.0,6
2025,23,antonelli,125.0,7
2025,23,albon,70.0,8
2025,23,hadjar,50.0,9
2025,23,hulkenberg,49.0,10
2025,23,bearman,39.0,11
2025,23,sainz,39.0,11
2025,23,alonso,37.0,13
2025,23,lawson,36.0,14
2025,23,stroll,28.0,15
2025,23,ocon,28.0,15
2025,23,gasly,20.0,17
2025,23,tsunoda,20.0,17
2025,23,bortoleto,19.0,19
2025,23,doohan,0.0,20
2025,23,colapinto,0.0,20
2025,24,norris,379.0,1
2025,24,max_verstappen,364.0,2
2025,24,piastri,363.0,3
2025,24,russell,279.0,4
2025,24,leclerc,213.0,5
2025,24,antonelli,135.0,6
2025,24,hamilton,131.0,7
2025,24,albon,70.0,8
2025,24,sainz,54.0,9
2025,24,hadjar,50.0,10
2025,24,hulkenberg,49.0,11
2025,24,alonso,43.0,12
2025,24,bearman,39.0,13
2025,24,lawson,38.0,14
2025,24,stroll,28.0,15
2025,24,ocon,28.0,15
2025,24,tsunoda,21.0,17
2025,24,gasly,20.0,18
2025,24,bortoleto,19.0,19
2025,24,doohan,0.0,20
2025,24,colapinto,0.0,20
2026,2,russell,25.0,1
2026,2,antonelli,18.0,2
2026,2,leclerc,15.0,3
2026,2,hamilton,12.0,4
2026,2,norris,10.0,5
2026,2,max_verstappen,8.0,6
2026,2,bearman,6.0,7
2026,2,arvid_lindblad,4.0,8
2026,2,bortoleto,2.0,9
2026,2,gasly,1.0,10
2026,2,ocon,0.0,11
2026,2,albon,0.0,11
2026,2,lawson,0.0,11
2026,2,colapinto,0.0,11
2026,2,sainz,0.0,11
2026,2,perez,0.0,11
2026,2,stroll,0.0,11
2026,2,alonso,0.0,11
2026,2,bottas,0.0,11
2026,2,hadjar,0.0,11
2026,2,piastri,0.0,11
2026,2,hulkenberg,0.0,11
2026,3,russell,43.0,1
2026,3,antonelli,43.0,1
2026,3,leclerc,27.0,3
2026,3,hamilton,27.0,3
2026,3,bearman,16.0,5
2026,3,norris,10.0,6
2026,3,gasly,9.0,7
2026,3,max_verstappen,8.0,8
2026,3,lawson,6.0,9
2026,3,arvid_lindblad,4.0,10
2026,3,hadjar,4.0,10
2026,3,bortoleto,2.0,12
2026,3,sainz,2.0,12
2026,3,colapinto,1.0,14
2026,3,ocon,0.0,15
2026,3,albon,0.0,15
2026,3,perez,0.0,15
2026,3,stroll,0.0,15
2026,3,alonso,0.0,15
2026,3,bottas,0.0,15
2026,3,piastri,0.0,15
2026,3,hulkenberg,0.0,15
2026,4,antonelli,68.0,1
2026,4,russell,55.0,2
2026,4,leclerc,42.0,3
2026,4,hamilton,35.0,4
2026,4,norris,20.0,5
2026,4,piastri,18.0,6
2026,4,bearman,16.0,7
2026,4,gasly,15.0,8
2026,4,max_verstappen,12.0,9
2026,4,lawson,8.0,10
2026,4,arvid_lindblad,4.0,11
2026,4,hadjar,4.0,11
2026,4,bortoleto,2.0,13
2026,4,sainz,2.0,13
2026,4,ocon,1.0,15
2026,4,colapinto,1.0,15
2026,4,albon,0.0,17
2026,4,perez,0.0,17
2026,4,stroll,0.0,17
2026,4,alonso,0.0,17
2026,4,bottas,0.0,17
2026,4,hulkenberg,0.0,17
2026,5,antonelli,93.0,1
2026,5,russell,67.0,2
2026,5,leclerc,46.0,3
2026,5,hamilton,43.0,4
2026,5,norris,38.0,5
2026,5,piastri,33.0,6
2026,5,max_verstappen,22.0,7
2026,5,bearman,16.0,8
2026,5,gasly,15.0,9
2026,5,lawson,8.0,10
2026,5,colapinto,7.0,11
2026,5,arvid_lindblad,4.0,12
2026,5,sainz,4.0,12
2026,5,hadjar,4.0,12
2026,5,bortoleto,2.0,15
2026,5,ocon,1.0,16
2026,5,albon,1.0,16
2026,5,perez,0.0,18
2026,5,stroll,0.0,18
2026,5,alonso,0.0,18
2026,5,bottas,0.0,18
2026,5,hulkenberg,0.0,18
2026,6,antonelli,118.0,1
2026,6,russell,67.0,2
2026,6,hamilton,61.0,3
2026,6,leclerc,58.0,4
2026,6,norris,38.0,5
2026,6,max_verstappen,37.0,6
2026,6,piastri,33.0,7
2026,6,gasly,19.0,8
2026,6,bearman,17.0,9
2026,6,colapinto,15.0,10
2026,6,lawson,14.0,11
2026,6,hadjar,14.0,11
2026,6,sainz,6.0,13
2026,6,arvid_lindblad,4.0,14
2026,6,bortoleto,2.0,15
2026,6,ocon,1.0,16
2026,6,albon,1.0,16
2026,6,perez,0.0,18
2026,6,stroll,0.0,18
2026,6,alonso,0.0,18
2026,6,bottas,0.0,18
2026,6,hulkenberg,0.0,18
2026,7,antonelli,143.0,1
2026,7,hamilton,79.0,2
2026,7,russell,67.0,3
2026,7,leclerc,58.0,4
2026,7,piastri,43.0,5
2026,7,norris,38.0,6
2026,7,max_verstappen,37.0,7
2026,7,gasly,34.0,8
2026,7,hadjar,26.0,9
2026,7,lawson,22.0,10
2026,7,bearman,17.0,11
2026,7,colapinto,15.0,12
2026,7,arvid_lindblad,10.0,13
2026,7,sainz,6.0,14
2026,7,albon,5.0,15
2026,7,ocon,3.0,16
2026,7,bortoleto,2.0,17
2026,7,alonso,1.0,18
2026,7,perez,0.0,19
2026,7,stroll,0.0,19
2026,7,bottas,0.0,19
2026,7,hulkenberg,0.0,19
2026,8,antonelli,143.0,1
2026,8,hamilton,104.0,2
2026,8,russell,85.0,3
2026,8,leclerc,58.0,4
2026,8,norris,53.0,5
2026,8,piastri,53.0,5
2026,8,max_verstappen,49.0,7
2026,8,gasly,40.0,8
2026,8,hadjar,34.0,9
2026,8,lawson,26.0,10
2026,8,bearman,17.0,11
2026,8,colapinto,16.0,12
2026,8,arvid_lindblad,12.0,13
2026,8,sainz,6.0,14
2026,8,albon,5.0,15
2026,8,ocon,3.0,16
2026,8,bortoleto,2.0,17
2026,8,alonso,1.0,18
2026,8,perez,0.0,19
2026,8,stroll,0.0,19
2026,8,bottas,0.0,19
2026,8,hulkenberg,0.0,19
2026,9,antonelli,158.0,1
2026,9,hamilton,114.0,2
2026,9,russell,110.0,3
2026,9,max_verstappen,67.0,4
2026,9,piastri,65.0,5
2026,9,leclerc,62.0,6
2026,9,norris,59.0,7
2026,9,hadjar,42.0,8
2026,9,gasly,40.0,9
2026,9,lawson,28.0,10
2026,9,bearman,17.0,11
2026,9,colapinto,16.0,12
2026,9,arvid_lindblad,13.0,13
2026,9,sainz,6.0,14
2026,9,albon,5.0,15
2026,9,ocon,3.0,16
2026,9,bortoleto,2.0,17
2026,9,alonso,1.0,18
2026,9,perez,0.0,19
2026,9,stroll,0.0,19
2026,9,bottas,0.0,19
2026,9,hulkenberg,0.0,19
2026,10,antonelli,158.0,1
2026,10,hamilton,129.0,2
2026,10,russell,128.0,3
2026,10,leclerc,87.0,4
2026,10,norris,71.0,5
2026,10,max_verstappen,67.0,6
2026,10,piastri,65.0,7
2026,10,hadjar,52.0,8
2026,10,gasly,41.0,9
2026,10,lawson,36.0,10
2026,10,arvid_lindblad,19.0,11
2026,10,colapinto,18.0,12
2026,10,bearman,17.0,13
2026,10,bortoleto,6.0,14
2026,10,sainz,6.0,14
2026,10,albon,5.0,16
2026,10,ocon,3.0,17
2026,10,alonso,1.0,18
2026,10,perez,0.0,19
2026,10,stroll,0.0,19
2026,10,bottas,0.0,19
2026,10,hulkenberg,0.0,19
2026,11,antonelli,183.0,1
2026,11,hamilton,141.0,2
2026,11,russell,128.0,3
2026,11,leclerc,105.0,4
2026,11,max_verstappen,82.0,5
2026,11,norris,77.0,6
2026,11,piastri,75.0,7
2026,11,hadjar,60.0,8
2026,11,gasly,41.0,9
2026,11,lawson,36.0,10
2026,11,arvid_lindblad,21.0,11
2026,11,colapinto,19.0,12
2026,11,bearman,17.0,13
2026,11,bortoleto,10.0,14
2026,11,sainz,6.0,15
2026,11,albon,5.0,16
2026,11,ocon,3.0,17
2026,11,alonso,1.0,18
2026,11,perez,0.0,19
2026,11,stroll,0.0,19
2026,11,bottas,0.0,19
2026,11,hulkenberg,0.0,19
2026,12,antonelli,198.0,1
2026,12,hamilton,151.0,2
2026,12,russell,134.0,3
2026,12,leclerc,117.0,4
2026,12,norris,102.0,5
2026,12,max_verstappen,100.0,6
2026,12,piastri,75.0,7
2026,12,hadjar,68.0,8
2026,12,gasly,41.0,9
2026,12,lawson,40.0,10
2026,12,arvid_lindblad,22.0,11
2026,12,colapinto,19.0,12
2026,12,bearman,17.0,13
2026,12,bortoleto,10.0,14
2026,12,sainz,6.0,15
2026,12,albon,5.0,16
2026,12,ocon,3.0,17
2026,12,hulkenberg,2.0,18
2026,12,alonso,1.0,19
2026,12,perez,0.0,20
2026,12,stroll,0.0,20
2026,12,bottas,0.0,20
